{
  "qft": {
    "topology": "ring8",
    "family": "qft",
    "lambda": 0.1,
    "n_qubits": 8,
    "n_circuits": 12,
    "K": 20,
    "sabre_mean": 159.5,
    "ms_mean": 149.5,
    "baseline_mean": 309.9166666666667,
    "v19_mean": 180.33333333333334,
    "v19_vs_baseline_pct": 41.812315138478084,
    "p_v19_less_than_baseline": 0.000244140625,
    "v19_vs_sabre_pct": -13.061650992685482,
    "v19_vs_ms_pct": -20.62430323299889,
    "baseline_vs_sabre_pct": -94.30512016718914
  },
  "qv": {
    "topology": "ring8",
    "family": "qv",
    "lambda": 0.1,
    "n_qubits": 8,
    "n_circuits": 12,
    "K": 20,
    "sabre_mean": 116.0,
    "ms_mean": 110.66666666666667,
    "baseline_mean": 273.1666666666667,
    "v19_mean": 147.58333333333334,
    "v19_vs_baseline_pct": 45.9731543624161,
    "p_v19_less_than_baseline": 0.000244140625,
    "v19_vs_sabre_pct": -27.22701149425288,
    "v19_vs_ms_pct": -33.35843373493976,
    "baseline_vs_sabre_pct": -135.48850574712645
  },
  "vqe": {
    "topology": "ring8",
    "family": "vqe",
    "lambda": 0.1,
    "n_qubits": 8,
    "n_circuits": 12,
    "K": 20,
    "sabre_mean": 205.5,
    "ms_mean": 144.5,
    "baseline_mean": 462.4166666666667,
    "v19_mean": 250.5,
    "v19_vs_baseline_pct": 45.828077131014595,
    "p_v19_less_than_baseline": 0.000244140625,
    "v19_vs_sabre_pct": -21.8978102189781,
    "v19_vs_ms_pct": -73.35640138408304,
    "baseline_vs_sabre_pct": -125.02027575020276
  },
  "qaoa": {
    "topology": "ring8",
    "family": "qaoa",
    "lambda": 0.005,
    "n_qubits": 8,
    "n_circuits": 12,
    "K": 20,
    "sabre_mean": 87.25,
    "ms_mean": 79.25,
    "baseline_mean": 123.66666666666667,
    "v19_mean": 81.83333333333333,
    "v19_vs_baseline_pct": 33.82749326145553,
    "p_v19_less_than_baseline": 0.000244140625,
    "v19_vs_sabre_pct": 6.208213944603635,
    "v19_vs_ms_pct": -3.259726603575178,
    "baseline_vs_sabre_pct": -41.73829990448902
  }
}