{
  "qft": {
    "means": [
      89.83333333333333,
      84.0,
      83.16666666666667,
      80.33333333333333
    ],
    "n": 12
  },
  "qv": {
    "means": [
      63.2,
      61.4,
      79.0,
      69.6
    ],
    "n": 10
  },
  "vqe": {
    "means": [
      125.36363636363636,
      94.63636363636364,
      110.72727272727273,
      97.0
    ],
    "n": 11
  },
  "qaoa": {
    "means": [
      42.083333333333336,
      41.75,
      49.166666666666664,
      44.75
    ],
    "n": 12
  }
}