{
  "qft": {
    "topology": "linear5",
    "family": "qft",
    "lambda": 0.1,
    "n_qubits": 5,
    "n_circuits": 12,
    "K": 20,
    "sabre_mean": 83.33333333333333,
    "ms_mean": 80.75,
    "baseline_mean": 73.33333333333333,
    "v19_mean": 70.16666666666667,
    "v19_vs_baseline_pct": 4.318181818181806,
    "p_v19_less_than_baseline": 0.1123046875,
    "v19_vs_sabre_pct": 15.799999999999988,
    "v19_vs_ms_pct": 13.106295149638797,
    "baseline_vs_sabre_pct": 12.0
  },
  "qv": {
    "topology": "linear5",
    "family": "qv",
    "lambda": 0.1,
    "n_qubits": 5,
    "n_circuits": 12,
    "K": 20,
    "sabre_mean": 59.333333333333336,
    "ms_mean": 57.5,
    "baseline_mean": 59.666666666666664,
    "v19_mean": 55.833333333333336,
    "v19_vs_baseline_pct": 6.424581005586584,
    "p_v19_less_than_baseline": 0.0625,
    "v19_vs_sabre_pct": 5.8988764044943816,
    "v19_vs_ms_pct": 2.898550724637677,
    "baseline_vs_sabre_pct": -0.5617977528089808
  },
  "vqe": {
    "topology": "linear5",
    "family": "vqe",
    "lambda": 0.1,
    "n_qubits": 5,
    "n_circuits": 12,
    "K": 20,
    "sabre_mean": 95.16666666666667,
    "ms_mean": 80.91666666666667,
    "baseline_mean": 93.91666666666667,
    "v19_mean": 85.91666666666667,
    "v19_vs_baseline_pct": 8.518189884649512,
    "p_v19_less_than_baseline": 0.0009765625,
    "v19_vs_sabre_pct": 9.719789842381786,
    "v19_vs_ms_pct": -6.179196704428424,
    "baseline_vs_sabre_pct": 1.3134851138353765
  },
  "qaoa": {
    "topology": "linear5",
    "family": "qaoa",
    "lambda": 0.005,
    "n_qubits": 5,
    "n_circuits": 12,
    "K": 20,
    "sabre_mean": 36.416666666666664,
    "ms_mean": 36.666666666666664,
    "baseline_mean": 39.583333333333336,
    "v19_mean": 37.833333333333336,
    "v19_vs_baseline_pct": 4.421052631578947,
    "p_v19_less_than_baseline": 0.1875,
    "v19_vs_sabre_pct": -3.890160183066375,
    "v19_vs_ms_pct": -3.181818181818195,
    "baseline_vs_sabre_pct": -8.695652173913057
  }
}