{
  "qft": {
    "topology": "ring5",
    "family": "qft",
    "lambda": 0.1,
    "n_qubits": 5,
    "n_circuits": 12,
    "K": 20,
    "sabre_mean": 82.0,
    "ms_mean": 73.25,
    "baseline_mean": 74.16666666666667,
    "v19_mean": 72.33333333333333,
    "v19_vs_baseline_pct": 2.4719101123595633,
    "p_v19_less_than_baseline": 0.19921875,
    "v19_vs_sabre_pct": 11.788617886178868,
    "v19_vs_ms_pct": 1.251422070534705,
    "baseline_vs_sabre_pct": 9.552845528455277
  },
  "qv": {
    "topology": "ring5",
    "family": "qv",
    "lambda": 0.1,
    "n_qubits": 5,
    "n_circuits": 12,
    "K": 20,
    "sabre_mean": 49.666666666666664,
    "ms_mean": 49.666666666666664,
    "baseline_mean": 48.833333333333336,
    "v19_mean": 48.333333333333336,
    "v19_vs_baseline_pct": 1.023890784982935,
    "p_v19_less_than_baseline": 0.5,
    "v19_vs_sabre_pct": 2.6845637583892525,
    "v19_vs_ms_pct": 2.6845637583892525,
    "baseline_vs_sabre_pct": 1.677852348993279
  },
  "vqe": {
    "topology": "ring5",
    "family": "vqe",
    "lambda": 0.1,
    "n_qubits": 5,
    "n_circuits": 12,
    "K": 20,
    "sabre_mean": 84.16666666666667,
    "ms_mean": 80.33333333333333,
    "baseline_mean": 83.08333333333333,
    "v19_mean": 83.41666666666667,
    "v19_vs_baseline_pct": -0.40120361083250894,
    "p_v19_less_than_baseline": 0.5927734375,
    "v19_vs_sabre_pct": 0.891089108910891,
    "v19_vs_ms_pct": -3.8381742738589333,
    "baseline_vs_sabre_pct": 1.2871287128712983
  },
  "qaoa": {
    "topology": "ring5",
    "family": "qaoa",
    "lambda": 0.005,
    "n_qubits": 5,
    "n_circuits": 12,
    "K": 20,
    "sabre_mean": 37.833333333333336,
    "ms_mean": 37.166666666666664,
    "baseline_mean": 36.25,
    "v19_mean": 36.75,
    "v19_vs_baseline_pct": -1.3793103448275863,
    "p_v19_less_than_baseline": 0.71875,
    "v19_vs_sabre_pct": 2.863436123348024,
    "v19_vs_ms_pct": 1.1210762331838502,
    "baseline_vs_sabre_pct": 4.185022026431724
  }
}