{
  "qft": {
    "means": [
      83.2,
      77.2,
      92.5,
      93.1
    ],
    "n": 10
  },
  "qv": {
    "means": [
      50.166666666666664,
      50.166666666666664,
      59.666666666666664,
      57.833333333333336
    ],
    "n": 12
  },
  "vqe": {
    "means": [
      91.1,
      87.2,
      98.4,
      98.5
    ],
    "n": 10
  },
  "qaoa": {
    "means": [
      40.666666666666664,
      40.75,
      44.416666666666664,
      42.416666666666664
    ],
    "n": 12
  }
}