{
  "qft": {
    "means": [
      82.0,
      73.25,
      72.25,
      66.25,
      76.25
    ],
    "n": 12,
    "lam": 0.1
  },
  "qv": {
    "means": [
      49.666666666666664,
      49.666666666666664,
      48.333333333333336,
      49.583333333333336,
      49.0
    ],
    "n": 12,
    "lam": 0.1
  },
  "vqe": {
    "means": [
      84.16666666666667,
      80.33333333333333,
      81.75,
      76.66666666666667,
      87.75
    ],
    "n": 12,
    "lam": 0.1
  },
  "qaoa": {
    "means": [
      37.833333333333336,
      37.166666666666664,
      36.0,
      36.25,
      36.75
    ],
    "n": 12,
    "lam": 0.005
  }
}