{
  "qft": {
    "means": [
      83.33333333333333,
      80.75,
      73.5,
      69.58333333333333,
      69.66666666666667
    ],
    "n": 12,
    "lam": 0.1
  },
  "qv": {
    "means": [
      59.333333333333336,
      57.5,
      58.833333333333336,
      57.5,
      60.916666666666664
    ],
    "n": 12,
    "lam": 0.1
  },
  "vqe": {
    "means": [
      95.16666666666667,
      80.91666666666667,
      94.58333333333333,
      85.16666666666667,
      71.0
    ],
    "n": 12,
    "lam": 0.1
  },
  "qaoa": {
    "means": [
      36.416666666666664,
      36.666666666666664,
      38.5,
      37.0,
      39.0
    ],
    "n": 12,
    "lam": 0.005
  }
}