{
  "qft": {
    "topology": "linear5",
    "family": "qft",
    "n_qubits": 5,
    "n_circuits": 10,
    "K": 20,
    "sabre_k1_mean": 89.0,
    "sabre_k20_mean": 84.0,
    "baseline_k1_det_mean": 61.7,
    "baseline_k1_det_vs_sabre_k1_pct": 30.67415730337078,
    "baseline_k1_det_p_lt_sabre_k1": 0.0009765625,
    "baseline_k1_sto_mean": 63.9,
    "baseline_k1_sto_vs_sabre_k1_pct": 28.202247191011235,
    "baseline_k1_sto_p_lt_sabre_k1": 0.0009765625,
    "baseline_k20_mean": 57.8,
    "baseline_k20_vs_sabre_k20_pct": 31.190476190476197,
    "baseline_k20_p_lt_sabre_k20": 0.0009765625,
    "v14lite_k1_det_mean": 64.1,
    "v14lite_k1_det_vs_sabre_k1_pct": 27.977528089887645,
    "v14lite_k1_det_p_lt_sabre_k1": 0.0009765625,
    "v14lite_k1_sto_mean": 63.8,
    "v14lite_k1_sto_vs_sabre_k1_pct": 28.314606741573037,
    "v14lite_k1_sto_p_lt_sabre_k1": 0.0009765625,
    "v14lite_k20_mean": 52.6,
    "v14lite_k20_vs_sabre_k20_pct": 37.38095238095238,
    "v14lite_k20_p_lt_sabre_k20": 0.0009765625,
    "v19_k1_det_mean": 63.5,
    "v19_k1_det_vs_sabre_k1_pct": 28.651685393258425,
    "v19_k1_det_p_lt_sabre_k1": 0.0009765625,
    "v19_k1_sto_mean": 63.5,
    "v19_k1_sto_vs_sabre_k1_pct": 28.651685393258425,
    "v19_k1_sto_p_lt_sabre_k1": 0.0009765625,
    "v19_k20_mean": 50.5,
    "v19_k20_vs_sabre_k20_pct": 39.88095238095238,
    "v19_k20_p_lt_sabre_k20": 0.0009765625
  },
  "qv": {
    "topology": "linear5",
    "family": "qv",
    "n_qubits": 5,
    "n_circuits": 9,
    "K": 20,
    "sabre_k1_mean": 61.77777777777778,
    "sabre_k20_mean": 55.55555555555556,
    "baseline_k1_det_mean": 53.22222222222222,
    "baseline_k1_det_vs_sabre_k1_pct": 13.848920863309354,
    "baseline_k1_det_p_lt_sabre_k1": 0.0546875,
    "baseline_k1_sto_mean": 56.666666666666664,
    "baseline_k1_sto_vs_sabre_k1_pct": 8.273381294964034,
    "baseline_k1_sto_p_lt_sabre_k1": 0.1484375,
    "baseline_k20_mean": 46.77777777777778,
    "baseline_k20_vs_sabre_k20_pct": 15.8,
    "baseline_k20_p_lt_sabre_k20": 0.0078125,
    "v14lite_k1_det_mean": 54.0,
    "v14lite_k1_det_vs_sabre_k1_pct": 12.589928057553957,
    "v14lite_k1_det_p_lt_sabre_k1": 0.0078125,
    "v14lite_k1_sto_mean": 54.44444444444444,
    "v14lite_k1_sto_vs_sabre_k1_pct": 11.870503597122307,
    "v14lite_k1_sto_p_lt_sabre_k1": 0.01953125,
    "v14lite_k20_mean": 46.111111111111114,
    "v14lite_k20_vs_sabre_k20_pct": 16.999999999999996,
    "v14lite_k20_p_lt_sabre_k20": 0.00390625,
    "v19_k1_det_mean": 52.55555555555556,
    "v19_k1_det_vs_sabre_k1_pct": 14.928057553956833,
    "v19_k1_det_p_lt_sabre_k1": 0.09375,
    "v19_k1_sto_mean": 53.77777777777778,
    "v19_k1_sto_vs_sabre_k1_pct": 12.949640287769784,
    "v19_k1_sto_p_lt_sabre_k1": 0.1484375,
    "v19_k20_mean": 44.0,
    "v19_k20_vs_sabre_k20_pct": 20.8,
    "v19_k20_p_lt_sabre_k20": 0.01171875
  },
  "vqe": {
    "topology": "linear5",
    "family": "vqe",
    "n_qubits": 5,
    "n_circuits": 6,
    "K": 20,
    "sabre_k1_mean": 125.0,
    "sabre_k20_mean": 94.5,
    "baseline_k1_det_mean": 102.16666666666667,
    "baseline_k1_det_vs_sabre_k1_pct": 18.266666666666666,
    "baseline_k1_det_p_lt_sabre_k1": 0.0625,
    "baseline_k1_sto_mean": 103.0,
    "baseline_k1_sto_vs_sabre_k1_pct": 17.6,
    "baseline_k1_sto_p_lt_sabre_k1": 0.0625,
    "baseline_k20_mean": 72.0,
    "baseline_k20_vs_sabre_k20_pct": 23.80952380952381,
    "baseline_k20_p_lt_sabre_k20": 0.015625,
    "v14lite_k1_det_mean": 94.16666666666667,
    "v14lite_k1_det_vs_sabre_k1_pct": 24.666666666666664,
    "v14lite_k1_det_p_lt_sabre_k1": 0.015625,
    "v14lite_k1_sto_mean": 94.33333333333333,
    "v14lite_k1_sto_vs_sabre_k1_pct": 24.533333333333335,
    "v14lite_k1_sto_p_lt_sabre_k1": 0.03125,
    "v14lite_k20_mean": 62.166666666666664,
    "v14lite_k20_vs_sabre_k20_pct": 34.21516754850089,
    "v14lite_k20_p_lt_sabre_k20": 0.015625,
    "v19_k1_det_mean": 87.16666666666667,
    "v19_k1_det_vs_sabre_k1_pct": 30.266666666666666,
    "v19_k1_det_p_lt_sabre_k1": 0.015625,
    "v19_k1_sto_mean": 86.83333333333333,
    "v19_k1_sto_vs_sabre_k1_pct": 30.533333333333335,
    "v19_k1_sto_p_lt_sabre_k1": 0.015625,
    "v19_k20_mean": 70.66666666666667,
    "v19_k20_vs_sabre_k20_pct": 25.220458553791882,
    "v19_k20_p_lt_sabre_k20": 0.015625
  },
  "qaoa": {
    "topology": "linear5",
    "family": "qaoa",
    "n_qubits": 5,
    "n_circuits": 11,
    "K": 20,
    "sabre_k1_mean": 42.45454545454545,
    "sabre_k20_mean": 37.54545454545455,
    "baseline_k1_det_mean": 46.36363636363637,
    "baseline_k1_det_vs_sabre_k1_pct": -9.207708779443266,
    "baseline_k1_det_p_lt_sabre_k1": 0.951171875,
    "baseline_k1_sto_mean": 43.72727272727273,
    "baseline_k1_sto_vs_sabre_k1_pct": -2.9978586723768754,
    "baseline_k1_sto_p_lt_sabre_k1": 0.7421875,
    "baseline_k20_mean": 36.36363636363637,
    "baseline_k20_vs_sabre_k20_pct": 3.147699757869244,
    "baseline_k20_p_lt_sabre_k20": 0.2578125,
    "v14lite_k1_det_mean": 48.18181818181818,
    "v14lite_k1_det_vs_sabre_k1_pct": -13.49036402569593,
    "v14lite_k1_det_p_lt_sabre_k1": 0.98828125,
    "v14lite_k1_sto_mean": 53.0,
    "v14lite_k1_sto_vs_sabre_k1_pct": -24.83940042826553,
    "v14lite_k1_sto_p_lt_sabre_k1": 0.98828125,
    "v14lite_k20_mean": 35.54545454545455,
    "v14lite_k20_vs_sabre_k20_pct": 5.326876513317191,
    "v14lite_k20_p_lt_sabre_k20": 0.1484375,
    "v19_k1_det_mean": 46.45454545454545,
    "v19_k1_det_vs_sabre_k1_pct": -9.421841541755889,
    "v19_k1_det_p_lt_sabre_k1": 0.8984375,
    "v19_k1_sto_mean": 46.72727272727273,
    "v19_k1_sto_vs_sabre_k1_pct": -10.064239828693793,
    "v19_k1_sto_p_lt_sabre_k1": 0.90234375,
    "v19_k20_mean": 36.36363636363637,
    "v19_k20_vs_sabre_k20_pct": 3.147699757869244,
    "v19_k20_p_lt_sabre_k20": 0.40625
  }
}