{
  "linear5/qft": {
    "topology": "linear5",
    "family": "qft",
    "lambda": 0.1,
    "n_qubits": 5,
    "n_circuits": 10,
    "K": 5,
    "shots": 8192,
    "sabre_mean_fidelity": 0.50528564453125,
    "ms_mean_fidelity": 0.51033935546875,
    "fidelity_uplift_pct": 1.0001691107191948,
    "fidelity_ratio": 1.0100016911071918,
    "p_ms_greater": 0.0419921875
  },
  "ring5/qft": {
    "topology": "ring5",
    "family": "qft",
    "lambda": 0.1,
    "n_qubits": 5,
    "n_circuits": 10,
    "K": 5,
    "shots": 8192,
    "sabre_mean_fidelity": 0.53525390625,
    "ms_mean_fidelity": 0.5156982421875,
    "fidelity_uplift_pct": -3.6535303776683046,
    "fidelity_ratio": 0.963464696223317,
    "p_ms_greater": 1.0
  },
  "tshape5/qft": {
    "topology": "tshape5",
    "family": "qft",
    "lambda": 0.1,
    "n_qubits": 5,
    "n_circuits": 10,
    "K": 5,
    "shots": 8192,
    "sabre_mean_fidelity": 0.543359375,
    "ms_mean_fidelity": 0.54647216796875,
    "fidelity_uplift_pct": 0.5728792235801582,
    "fidelity_ratio": 1.0057287922358016,
    "p_ms_greater": 0.1376953125
  },
  "linear7/qft": {
    "topology": "linear7",
    "family": "qft",
    "lambda": 0.1,
    "n_qubits": 7,
    "n_circuits": 8,
    "K": 5,
    "shots": 8192,
    "sabre_mean_fidelity": 0.22442626953125,
    "ms_mean_fidelity": 0.2267608642578125,
    "fidelity_uplift_pct": 1.0402502039706283,
    "fidelity_ratio": 1.0104025020397063,
    "p_ms_greater": 0.23046875
  },
  "ring8/qft": {
    "topology": "ring8",
    "family": "qft",
    "lambda": 0.25,
    "n_qubits": 8,
    "n_circuits": 6,
    "K": 5,
    "shots": 8192,
    "sabre_mean_fidelity": 0.16190592447916666,
    "ms_mean_fidelity": 0.14796956380208334,
    "fidelity_uplift_pct": -8.607690374465935,
    "fidelity_ratio": 0.9139230962553406,
    "p_ms_greater": 1.0
  },
  "grid3x3/qft": {
    "topology": "grid3x3",
    "family": "qft",
    "lambda": 0.005,
    "n_qubits": 9,
    "n_circuits": 6,
    "K": 5,
    "shots": 8192,
    "sabre_mean_fidelity": 0.13850911458333334,
    "ms_mean_fidelity": 0.124267578125,
    "fidelity_uplift_pct": -10.282021151586376,
    "fidelity_ratio": 0.8971797884841363,
    "p_ms_greater": 1.0
  },
  "linear9/qft": {
    "topology": "linear9",
    "family": "qft",
    "lambda": 0.1,
    "n_qubits": 9,
    "n_circuits": 6,
    "K": 5,
    "shots": 8192,
    "sabre_mean_fidelity": 0.07114664713541667,
    "ms_mean_fidelity": 0.07126871744791667,
    "fidelity_uplift_pct": 0.1715756362596511,
    "fidelity_ratio": 1.0017157563625965,
    "p_ms_greater": 0.5
  },
  "linear5/qv": {
    "topology": "linear5",
    "family": "qv",
    "lambda": 0.1,
    "n_qubits": 5,
    "n_circuits": 10,
    "K": 5,
    "shots": 8192,
    "sabre_mean_fidelity": 0.53516845703125,
    "ms_mean_fidelity": 0.53526611328125,
    "fidelity_uplift_pct": 0.01824775894708771,
    "fidelity_ratio": 1.000182477589471,
    "p_ms_greater": 0.7841796875
  },
  "ring5/qv": {
    "topology": "ring5",
    "family": "qv",
    "lambda": 0.1,
    "n_qubits": 5,
    "n_circuits": 10,
    "K": 5,
    "shots": 8192,
    "sabre_mean_fidelity": 0.58265380859375,
    "ms_mean_fidelity": 0.58194580078125,
    "fidelity_uplift_pct": -0.1215143198340739,
    "fidelity_ratio": 0.9987848568016593,
    "p_ms_greater": 0.6875
  },
  "linear7/qv": {
    "topology": "linear7",
    "family": "qv",
    "lambda": 0.005,
    "n_qubits": 7,
    "n_circuits": 8,
    "K": 5,
    "shots": 8192,
    "sabre_mean_fidelity": 0.18463134765625,
    "ms_mean_fidelity": 0.1854248046875,
    "fidelity_uplift_pct": 0.4297520661157025,
    "fidelity_ratio": 1.004297520661157,
    "p_ms_greater": 0.421875
  },
  "ring8/qv": {
    "topology": "ring8",
    "family": "qv",
    "lambda": 0.005,
    "n_qubits": 8,
    "n_circuits": 6,
    "K": 5,
    "shots": 8192,
    "sabre_mean_fidelity": 0.08538818359375,
    "ms_mean_fidelity": 0.08799235026041667,
    "fidelity_uplift_pct": 3.0497974743864718,
    "fidelity_ratio": 1.0304979747438647,
    "p_ms_greater": 0.28125
  },
  "grid3x3/qv": {
    "topology": "grid3x3",
    "family": "qv",
    "lambda": 0.1,
    "n_qubits": 9,
    "n_circuits": 6,
    "K": 5,
    "shots": 8192,
    "sabre_mean_fidelity": 0.074462890625,
    "ms_mean_fidelity": 0.06410725911458333,
    "fidelity_uplift_pct": -13.90710382513662,
    "fidelity_ratio": 0.8609289617486339,
    "p_ms_greater": 0.984375
  },
  "linear9/qv": {
    "topology": "linear9",
    "family": "qv",
    "lambda": 0.1,
    "n_qubits": 9,
    "n_circuits": 6,
    "K": 5,
    "shots": 8192,
    "sabre_mean_fidelity": 0.027486165364583332,
    "ms_mean_fidelity": 0.021260579427083332,
    "fidelity_uplift_pct": -22.649888971132494,
    "fidelity_ratio": 0.7735011102886751,
    "p_ms_greater": 1.0
  },
  "ring8/vqe": {
    "topology": "ring8",
    "family": "vqe",
    "lambda": 0.25,
    "n_qubits": 8,
    "n_circuits": 6,
    "K": 5,
    "shots": 8192,
    "sabre_mean_fidelity": 0.049540201822916664,
    "ms_mean_fidelity": 0.10013834635416667,
    "fidelity_uplift_pct": 102.13552361396306,
    "fidelity_ratio": 2.0213552361396308,
    "p_ms_greater": 0.015625
  },
  "grid3x3/vqe": {
    "topology": "grid3x3",
    "family": "vqe",
    "lambda": 0.05,
    "n_qubits": 9,
    "n_circuits": 6,
    "K": 5,
    "shots": 8192,
    "sabre_mean_fidelity": 0.047953287760416664,
    "ms_mean_fidelity": 0.053263346354166664,
    "fidelity_uplift_pct": 11.073398387781078,
    "fidelity_ratio": 1.1107339838778107,
    "p_ms_greater": 0.03125
  },
  "ring8/qaoa": {
    "topology": "ring8",
    "family": "qaoa",
    "lambda": 0.05,
    "n_qubits": 8,
    "n_circuits": 8,
    "K": 5,
    "shots": 8192,
    "sabre_mean_fidelity": 0.3816375732421875,
    "ms_mean_fidelity": 0.3629302978515625,
    "fidelity_uplift_pct": -4.901843188996842,
    "fidelity_ratio": 0.9509815681100315,
    "p_ms_greater": 0.9453125
  },
  "ring12/qaoa": {
    "topology": "ring12",
    "family": "qaoa",
    "lambda": 0.02,
    "n_qubits": 12,
    "n_circuits": 5,
    "K": 5,
    "shots": 8192,
    "sabre_mean_fidelity": 0.045117187499999996,
    "ms_mean_fidelity": 0.0290283203125,
    "fidelity_uplift_pct": -35.66017316017315,
    "fidelity_ratio": 0.6433982683982685,
    "p_ms_greater": 1.0
  },
  "grid3x3/qaoa": {
    "topology": "grid3x3",
    "family": "qaoa",
    "lambda": 0.05,
    "n_qubits": 9,
    "n_circuits": 6,
    "K": 5,
    "shots": 8192,
    "sabre_mean_fidelity": 0.34002685546875,
    "ms_mean_fidelity": 0.3212890625,
    "fidelity_uplift_pct": -5.510680308741698,
    "fidelity_ratio": 0.944893196912583,
    "p_ms_greater": 0.890625
  },
  "linear7/qaoa": {
    "topology": "linear7",
    "family": "qaoa",
    "lambda": 0.1,
    "n_qubits": 7,
    "n_circuits": 8,
    "K": 5,
    "shots": 8192,
    "sabre_mean_fidelity": 0.448638916015625,
    "ms_mean_fidelity": 0.4206390380859375,
    "fidelity_uplift_pct": -6.241072035915924,
    "fidelity_ratio": 0.9375892796408407,
    "p_ms_greater": 0.98828125
  },
  "linear9/qaoa": {
    "topology": "linear9",
    "family": "qaoa",
    "lambda": 0.005,
    "n_qubits": 9,
    "n_circuits": 6,
    "K": 5,
    "shots": 8192,
    "sabre_mean_fidelity": 0.22847493489583334,
    "ms_mean_fidelity": 0.1917724609375,
    "fidelity_uplift_pct": -16.064113980409623,
    "fidelity_ratio": 0.8393588601959038,
    "p_ms_greater": 1.0
  }
}