{
  "linear7/qft": {
    "topology": "linear7",
    "family": "qft",
    "n_qubits": 7,
    "lam_mean": 0.1,
    "K": 20,
    "K_big": 200,
    "alim": 50,
    "n_circuits": 8,
    "A_prod": 157.25,
    "B_sabre_mks": 157.25,
    "C_ms": 119.0,
    "A_prod_raw": 162.5,
    "C_ms_raw": 141.0,
    "reach_best": 157.25,
    "audit_gain_pct": 24.324324324324323,
    "rescore_pct": 0.0,
    "algorithm_pct": 24.324324324324323,
    "ms_raw_gain_pct": 13.23076923076923,
    "absorption_channel_pct": 11.093555093555093,
    "reach_gap_pct": 0.0,
    "reach_residual_pct": -24.324324324324323,
    "p_audit": 0.00390625
  },
  "linear7/qv": {
    "topology": "linear7",
    "family": "qv",
    "n_qubits": 7,
    "lam_mean": 0.0775,
    "K": 20,
    "K_big": 200,
    "alim": 50,
    "n_circuits": 8,
    "A_prod": 116.25,
    "B_sabre_mks": 116.25,
    "C_ms": 108.25,
    "A_prod_raw": 131.5,
    "C_ms_raw": 126.375,
    "reach_best": 115.5,
    "audit_gain_pct": 6.881720430107527,
    "rescore_pct": 0.0,
    "algorithm_pct": 6.881720430107527,
    "ms_raw_gain_pct": 3.897338403041825,
    "absorption_channel_pct": 2.9843820270657018,
    "reach_gap_pct": 0.6451612903225806,
    "reach_residual_pct": -6.2770562770562774,
    "p_audit": 0.015625
  },
  "linear7/vqe": {
    "topology": "linear7",
    "family": "vqe",
    "n_qubits": 7,
    "lam_mean": 0.19375,
    "K": 20,
    "K_big": 200,
    "alim": 50,
    "n_circuits": 8,
    "A_prod": 179.625,
    "B_sabre_mks": 179.625,
    "C_ms": 124.875,
    "A_prod_raw": 193.25,
    "C_ms_raw": 156.75,
    "reach_best": 165.0,
    "audit_gain_pct": 30.48016701461378,
    "rescore_pct": 0.0,
    "algorithm_pct": 30.48016701461378,
    "ms_raw_gain_pct": 18.88745148771022,
    "absorption_channel_pct": 11.59271552690356,
    "reach_gap_pct": 8.1419624217119,
    "reach_residual_pct": -24.318181818181817,
    "p_audit": 0.00390625
  },
  "linear7/qaoa": {
    "topology": "linear7",
    "family": "qaoa",
    "n_qubits": 7,
    "lam_mean": 0.03375,
    "K": 20,
    "K_big": 200,
    "alim": 50,
    "n_circuits": 8,
    "A_prod": 77.125,
    "B_sabre_mks": 77.125,
    "C_ms": 67.875,
    "A_prod_raw": 63.375,
    "C_ms_raw": 62.375,
    "reach_best": 77.125,
    "audit_gain_pct": 11.993517017828202,
    "rescore_pct": 0.0,
    "algorithm_pct": 11.993517017828202,
    "ms_raw_gain_pct": 1.5779092702169626,
    "absorption_channel_pct": 10.41560774761124,
    "reach_gap_pct": 0.0,
    "reach_residual_pct": -11.993517017828202,
    "p_audit": 0.0078125
  },
  "ring8/qft": {
    "topology": "ring8",
    "family": "qft",
    "n_qubits": 8,
    "lam_mean": 0.25,
    "K": 20,
    "K_big": 200,
    "alim": 50,
    "n_circuits": 8,
    "A_prod": 160.0,
    "B_sabre_mks": 158.5,
    "C_ms": 142.0,
    "A_prod_raw": 172.0,
    "C_ms_raw": 166.0,
    "reach_best": 157.0,
    "audit_gain_pct": 11.25,
    "rescore_pct": 0.9375,
    "algorithm_pct": 10.3125,
    "ms_raw_gain_pct": 3.488372093023256,
    "absorption_channel_pct": 7.761627906976744,
    "reach_gap_pct": 1.875,
    "reach_residual_pct": -9.554140127388536,
    "p_audit": 0.00390625
  },
  "ring8/qv": {
    "topology": "ring8",
    "family": "qv",
    "n_qubits": 8,
    "lam_mean": 0.0775,
    "K": 20,
    "K_big": 200,
    "alim": 50,
    "n_circuits": 8,
    "A_prod": 128.5,
    "B_sabre_mks": 127.25,
    "C_ms": 114.0,
    "A_prod_raw": 147.75,
    "C_ms_raw": 140.875,
    "reach_best": 127.25,
    "audit_gain_pct": 11.284046692607005,
    "rescore_pct": 0.9727626459143969,
    "algorithm_pct": 10.311284046692608,
    "ms_raw_gain_pct": 4.653130287648054,
    "absorption_channel_pct": 6.630916404958951,
    "reach_gap_pct": 0.9727626459143969,
    "reach_residual_pct": -10.412573673870334,
    "p_audit": 0.00390625
  },
  "ring8/vqe": {
    "topology": "ring8",
    "family": "vqe",
    "n_qubits": 8,
    "lam_mean": 0.23125,
    "K": 20,
    "K_big": 200,
    "alim": 50,
    "n_circuits": 8,
    "A_prod": 219.0,
    "B_sabre_mks": 211.5,
    "C_ms": 145.0,
    "A_prod_raw": 218.75,
    "C_ms_raw": 184.5,
    "reach_best": 204.125,
    "audit_gain_pct": 33.789954337899545,
    "rescore_pct": 3.4246575342465753,
    "algorithm_pct": 30.365296803652967,
    "ms_raw_gain_pct": 15.657142857142857,
    "absorption_channel_pct": 18.132811480756686,
    "reach_gap_pct": 6.792237442922374,
    "reach_residual_pct": -28.965094917330067,
    "p_audit": 0.00390625
  },
  "ring8/qaoa": {
    "topology": "ring8",
    "family": "qaoa",
    "n_qubits": 8,
    "lam_mean": 0.138125,
    "K": 20,
    "K_big": 200,
    "alim": 50,
    "n_circuits": 8,
    "A_prod": 73.125,
    "B_sabre_mks": 73.125,
    "C_ms": 68.625,
    "A_prod_raw": 63.0,
    "C_ms_raw": 62.0,
    "reach_best": 73.125,
    "audit_gain_pct": 6.153846153846154,
    "rescore_pct": 0.0,
    "algorithm_pct": 6.153846153846154,
    "ms_raw_gain_pct": 1.5873015873015872,
    "absorption_channel_pct": 4.566544566544567,
    "reach_gap_pct": 0.0,
    "reach_residual_pct": -6.153846153846154,
    "p_audit": 0.03125
  },
  "ring12/qft": {
    "topology": "ring12",
    "family": "qft",
    "n_qubits": 12,
    "lam_mean": 0.005,
    "K": 20,
    "K_big": 200,
    "alim": 50,
    "n_circuits": 8,
    "A_prod": 378.0,
    "B_sabre_mks": 369.875,
    "C_ms": 247.625,
    "A_prod_raw": 374.375,
    "C_ms_raw": 285.0,
    "reach_best": 351.125,
    "audit_gain_pct": 34.49074074074074,
    "rescore_pct": 2.1494708994708995,
    "algorithm_pct": 32.34126984126984,
    "ms_raw_gain_pct": 23.87312186978297,
    "absorption_channel_pct": 10.61761887095777,
    "reach_gap_pct": 7.10978835978836,
    "reach_residual_pct": -29.476682093271627,
    "p_audit": 0.00390625
  },
  "ring12/qv": {
    "topology": "ring12",
    "family": "qv",
    "n_qubits": 12,
    "lam_mean": 0.065,
    "K": 20,
    "K_big": 200,
    "alim": 50,
    "n_circuits": 8,
    "A_prod": 308.625,
    "B_sabre_mks": 303.625,
    "C_ms": 266.5,
    "A_prod_raw": 326.25,
    "C_ms_raw": 294.625,
    "reach_best": 302.375,
    "audit_gain_pct": 13.649250708788983,
    "rescore_pct": 1.6200891049007695,
    "algorithm_pct": 12.029161603888214,
    "ms_raw_gain_pct": 9.693486590038313,
    "absorption_channel_pct": 3.95576411875067,
    "reach_gap_pct": 2.025111381125962,
    "reach_residual_pct": -11.864406779661017,
    "p_audit": 0.00390625
  },
  "ring12/vqe": {
    "topology": "ring12",
    "family": "vqe",
    "n_qubits": 12,
    "lam_mean": 0.2125,
    "K": 20,
    "K_big": 200,
    "alim": 50,
    "n_circuits": 8,
    "A_prod": 567.75,
    "B_sabre_mks": 536.625,
    "C_ms": 232.25,
    "A_prod_raw": 573.25,
    "C_ms_raw": 301.0,
    "reach_best": 510.75,
    "audit_gain_pct": 59.09291061206517,
    "rescore_pct": 5.482166446499339,
    "algorithm_pct": 53.61074416556583,
    "ms_raw_gain_pct": 47.49236807675534,
    "absorption_channel_pct": 11.600542535309827,
    "reach_gap_pct": 10.039630118890356,
    "reach_residual_pct": -54.527655408712675,
    "p_audit": 0.00390625
  },
  "ring12/qaoa": {
    "topology": "ring12",
    "family": "qaoa",
    "n_qubits": 12,
    "lam_mean": 0.075625,
    "K": 20,
    "K_big": 200,
    "alim": 50,
    "n_circuits": 8,
    "A_prod": 191.5,
    "B_sabre_mks": 188.5,
    "C_ms": 163.375,
    "A_prod_raw": 167.625,
    "C_ms_raw": 148.625,
    "reach_best": 187.5,
    "audit_gain_pct": 14.686684073107049,
    "rescore_pct": 1.566579634464752,
    "algorithm_pct": 13.120104438642297,
    "ms_raw_gain_pct": 11.334824757643549,
    "absorption_channel_pct": 3.3518593154635,
    "reach_gap_pct": 2.088772845953003,
    "reach_residual_pct": -12.866666666666667,
    "p_audit": 0.00390625
  },
  "grid3x3/qft": {
    "topology": "grid3x3",
    "family": "qft",
    "n_qubits": 9,
    "lam_mean": 0.15625,
    "K": 20,
    "K_big": 200,
    "alim": 50,
    "n_circuits": 8,
    "A_prod": 228.125,
    "B_sabre_mks": 214.625,
    "C_ms": 174.875,
    "A_prod_raw": 213.0,
    "C_ms_raw": 173.0,
    "reach_best": 208.125,