{
  "linear7/qft": {
    "topology": "linear7",
    "family": "qft",
    "n_qubits": 7,
    "lam": 0.1,
    "K": 20,
    "K_big": 200,
    "alim": 50,
    "n_circuits": 8,
    "A_prod": 157.25,
    "B_sabre_mks": 157.25,
    "C_ms": 119.0,
    "A_prod_raw": 162.5,
    "C_ms_raw": 141.0,
    "reach_best": 157.25,
    "audit_gain_pct": 24.324324324324323,
    "rescore_pct": 0.0,
    "algorithm_pct": 24.324324324324323,
    "ms_raw_gain_pct": 13.23076923076923,
    "absorption_channel_pct": 11.093555093555093,
    "reach_gap_pct": 0.0,
    "reach_residual_pct": -24.324324324324323,
    "p_audit": 0.00390625
  },
  "linear7/qv": {
    "topology": "linear7",
    "family": "qv",
    "n_qubits": 7,
    "lam": 0.1,
    "K": 20,
    "K_big": 200,
    "alim": 50,
    "n_circuits": 8,
    "A_prod": 116.25,
    "B_sabre_mks": 116.25,
    "C_ms": 117.0,
    "A_prod_raw": 131.5,
    "C_ms_raw": 132.75,
    "reach_best": 115.5,
    "audit_gain_pct": -0.6451612903225806,
    "rescore_pct": 0.0,
    "algorithm_pct": -0.6451612903225806,
    "ms_raw_gain_pct": -0.9505703422053232,
    "absorption_channel_pct": 0.3054090518827426,
    "reach_gap_pct": 0.6451612903225806,
    "reach_residual_pct": 1.2987012987012987,
    "p_audit": 0.59375
  },
  "linear7/vqe": {
    "topology": "linear7",
    "family": "vqe",
    "n_qubits": 7,
    "lam": 0.1,
    "K": 20,
    "K_big": 200,
    "alim": 50,
    "n_circuits": 8,
    "A_prod": 179.625,
    "B_sabre_mks": 179.625,
    "C_ms": 128.375,
    "A_prod_raw": 193.25,
    "C_ms_raw": 161.75,
    "reach_best": 165.0,
    "audit_gain_pct": 28.531663187195548,
    "rescore_pct": 0.0,
    "algorithm_pct": 28.531663187195548,
    "ms_raw_gain_pct": 16.30012936610608,
    "absorption_channel_pct": 12.231533821089467,
    "reach_gap_pct": 8.1419624217119,
    "reach_residual_pct": -22.196969696969695,
    "p_audit": 0.00390625
  },
  "linear7/qaoa": {
    "topology": "linear7",
    "family": "qaoa",
    "n_qubits": 7,
    "lam": 0.005,
    "K": 20,
    "K_big": 200,
    "alim": 50,
    "n_circuits": 8,
    "A_prod": 77.125,
    "B_sabre_mks": 77.125,
    "C_ms": 70.125,
    "A_prod_raw": 63.375,
    "C_ms_raw": 63.0,
    "reach_best": 77.125,
    "audit_gain_pct": 9.076175040518638,
    "rescore_pct": 0.0,
    "algorithm_pct": 9.076175040518638,
    "ms_raw_gain_pct": 0.591715976331361,
    "absorption_channel_pct": 8.484459064187277,
    "reach_gap_pct": 0.0,
    "reach_residual_pct": -9.076175040518638,
    "p_audit": 0.015625
  },
  "ring8/qft": {
    "topology": "ring8",
    "family": "qft",
    "n_qubits": 8,
    "lam": 0.1,
    "K": 20,
    "K_big": 200,
    "alim": 50,
    "n_circuits": 8,
    "A_prod": 160.0,
    "B_sabre_mks": 158.5,
    "C_ms": 151.0,
    "A_prod_raw": 172.0,
    "C_ms_raw": 169.0,
    "reach_best": 157.0,
    "audit_gain_pct": 5.625,
    "rescore_pct": 0.9375,
    "algorithm_pct": 4.6875,
    "ms_raw_gain_pct": 1.744186046511628,
    "absorption_channel_pct": 3.880813953488372,
    "reach_gap_pct": 1.875,
    "reach_residual_pct": -3.821656050955414,
    "p_audit": 0.00390625
  },
  "ring8/qv": {
    "topology": "ring8",
    "family": "qv",
    "n_qubits": 8,
    "lam": 0.1,
    "K": 20,
    "K_big": 200,
    "alim": 50,
    "n_circuits": 8,
    "A_prod": 128.5,
    "B_sabre_mks": 127.25,
    "C_ms": 120.25,
    "A_prod_raw": 147.75,
    "C_ms_raw": 142.25,
    "reach_best": 127.25,
    "audit_gain_pct": 6.42023346303502,
    "rescore_pct": 0.9727626459143969,
    "algorithm_pct": 5.447470817120623,
    "ms_raw_gain_pct": 3.7225042301184432,
    "absorption_channel_pct": 2.6977292329165765,
    "reach_gap_pct": 0.9727626459143969,
    "reach_residual_pct": -5.50098231827112,
    "p_audit": 0.078125
  },
  "ring8/vqe": {
    "topology": "ring8",
    "family": "vqe",
    "n_qubits": 8,
    "lam": 0.1,
    "K": 20,
    "K_big": 200,
    "alim": 50,
    "n_circuits": 8,
    "A_prod": 219.0,
    "B_sabre_mks": 211.5,
    "C_ms": 168.75,
    "A_prod_raw": 218.75,
    "C_ms_raw": 201.5,
    "reach_best": 204.125,
    "audit_gain_pct": 22.945205479452056,
    "rescore_pct": 3.4246575342465753,
    "algorithm_pct": 19.52054794520548,
    "ms_raw_gain_pct": 7.885714285714286,
    "absorption_channel_pct": 15.05949119373777,
    "reach_gap_pct": 6.792237442922374,
    "reach_residual_pct": -17.330067360685856,
    "p_audit": 0.00390625
  },
  "ring8/qaoa": {
    "topology": "ring8",
    "family": "qaoa",
    "n_qubits": 8,
    "lam": 0.005,
    "K": 20,
    "K_big": 200,
    "alim": 50,
    "n_circuits": 8,
    "A_prod": 73.125,
    "B_sabre_mks": 73.125,
    "C_ms": 72.625,
    "A_prod_raw": 63.0,
    "C_ms_raw": 64.25,
    "reach_best": 73.125,
    "audit_gain_pct": 0.6837606837606838,
    "rescore_pct": 0.0,
    "algorithm_pct": 0.6837606837606838,
    "ms_raw_gain_pct": -1.9841269841269842,
    "absorption_channel_pct": 2.667887667887668,
    "reach_gap_pct": 0.0,
    "reach_residual_pct": -0.6837606837606838,
    "p_audit": 0.40625
  },
  "ring12/qft": {
    "topology": "ring12",
    "family": "qft",
    "n_qubits": 12,
    "lam": 0.1,
    "K": 20,
    "K_big": 200,
    "alim": 50,
    "n_circuits": 8,
    "A_prod": 378.0,
    "B_sabre_mks": 369.875,
    "C_ms": 262.25,
    "A_prod_raw": 374.375,
    "C_ms_raw": 296.5,
    "reach_best": 351.125,
    "audit_gain_pct": 30.62169312169312,
    "rescore_pct": 2.1494708994708995,
    "algorithm_pct": 28.47222222222222,
    "ms_raw_gain_pct": 20.801335559265443,
    "absorption_channel_pct": 9.820357562427677,
    "reach_gap_pct": 7.10978835978836,
    "reach_residual_pct": -25.311498754004983,
    "p_audit": 0.00390625
  },
  "ring12/qv": {
    "topology": "ring12",
    "family": "qv",
    "n_qubits": 12,
    "lam": 0.1,
    "K": 20,
    "K_big": 200,
    "alim": 50,
    "n_circuits": 8,
    "A_prod": 308.625,
    "B_sabre_mks": 303.625,
    "C_ms": 265.5,
    "A_prod_raw": 326.25,
    "C_ms_raw": 294.25,
    "reach_best": 302.375,
    "audit_gain_pct": 13.973268529769138,
    "rescore_pct": 1.6200891049007695,
    "algorithm_pct": 12.353179424868367,
    "ms_raw_gain_pct": 9.808429118773946,
    "absorption_channel_pct": 4.164839410995192,
    "reach_gap_pct": 2.025111381125962,
    "reach_residual_pct": -12.195121951219512,
    "p_audit": 0.00390625
  },
  "ring12/vqe": {
    "topology": "ring12",
    "family": "vqe",
    "n_qubits": 12,
    "lam": 0.1,
    "K": 20,
    "K_big": 200,
    "alim": 50,
    "n_circuits": 8,
    "A_prod": 567.75,
    "B_sabre_mks": 536.625,
    "C_ms": 237.125,
    "A_prod_raw": 573.25,
    "C_ms_raw": 304.0,
    "reach_best": 510.75,
    "audit_gain_pct": 58.23425803610744,
    "rescore_pct": 5.482166446499339,
    "algorithm_pct": 52.7520915896081,
    "ms_raw_gain_pct": 46.969036197121675,
    "absorption_channel_pct": 11.265221838985767,
    "reach_gap_pct": 10.039630118890356,
    "reach_residual_pct": -53.573176700930006,
    "p_audit": 0.00390625
  },
  "ring12/qaoa": {
    "topology": "ring12",
    "family": "qaoa",
    "n_qubits": 12,
    "lam": 0.005,
    "K": 20,
    "K_big": 200,
    "alim": 50,
    "n_circuits": 8,
    "A_prod": 191.5,
    "B_sabre_mks": 188.5,
    "C_ms": 171.0,
    "A_prod_raw": 167.625,
    "C_ms_raw": 154.25,
    "reach_best": 187.5,
    "audit_gain_pct": 10.704960835509139,
    "rescore_pct": 1.566579634464752,
    "algorithm_pct": 9.138381201044387,
    "ms_raw_gain_pct": 7.979120059656973,
    "absorption_channel_pct": 2.7258407758521663,
    "reach_gap_pct": 2.088772845953003,
    "reach_residual_pct": -8.8,
    "p_audit": 0.00390625
  },
  "grid3x3/qft": {
    "topology": "grid3x3",
    "family": "qft",
    "n_qubits": 9,
    "lam": 0.05,
    "K": 20,
    "K_big": 200,
    "alim": 50,
    "n_circuits": 8,
    "A_prod": 228.125,
    "B_sabre_mks": 214.625,
    "C_ms": 193.0,
    "A_prod_raw": 213.0,
    "C_ms_raw": 184.375,
    "reach_best": 208.125,
    "audit_gain_pct": 15.397260273972602,
    "rescore_pct": 5.917808219178082,
    "algorithm_pct": 9.479452054794521,