{
  "linear7/qft": {
    "topology": "linear7",
    "family": "qft",
    "lam": 0.1,
    "n_qubits": 7,
    "n_circuits": 8,
    "K": 20,
    "calibration": "heron-typical",
    "sabre_esp_mean": 0.27760125894789495,
    "ms_esp_mean": 0.37350079250397905,
    "ratio": 1.3454578481363595,
    "gain_pct": 34.54578481363595,
    "p_ms_greater": 0.00390625
  },
  "linear7/qv": {
    "topology": "linear7",
    "family": "qv",
    "lam": 0.005,
    "n_qubits": 7,
    "n_circuits": 8,
    "K": 20,
    "calibration": "heron-typical",
    "sabre_esp_mean": 0.4074975851875626,
    "ms_esp_mean": 0.41940669405142617,
    "ratio": 1.0292249802127833,
    "gain_pct": 2.9224980212783405,
    "p_ms_greater": 0.21875
  },
  "linear7/qaoa": {
    "topology": "linear7",
    "family": "qaoa",
    "lam": 0.1,
    "n_qubits": 7,
    "n_circuits": 8,
    "K": 20,
    "calibration": "heron-typical",
    "sabre_esp_mean": 0.5922046787155952,
    "ms_esp_mean": 0.6054120074273558,
    "ratio": 1.0223019661722452,
    "gain_pct": 2.2301966172245224,
    "p_ms_greater": 0.01953125
  },
  "ring8/qft": {
    "topology": "ring8",
    "family": "qft",
    "lam": 0.25,
    "n_qubits": 8,
    "n_circuits": 8,
    "K": 20,
    "calibration": "heron-typical",
    "sabre_esp_mean": 0.2236695337959202,
    "ms_esp_mean": 0.2523301753528342,
    "ratio": 1.1281383345800884,
    "gain_pct": 12.813833458008835,
    "p_ms_greater": 0.00390625
  },
  "ring8/qv": {
    "topology": "ring8",
    "family": "qv",
    "lam": 0.005,
    "n_qubits": 8,
    "n_circuits": 8,
    "K": 20,
    "calibration": "heron-typical",
    "sabre_esp_mean": 0.32232123695329784,
    "ms_esp_mean": 0.33731525976840226,
    "ratio": 1.0465188796023297,
    "gain_pct": 4.651887960232964,
    "p_ms_greater": 0.0546875
  },
  "ring8/qaoa": {
    "topology": "ring8",
    "family": "qaoa",
    "lam": 0.05,
    "n_qubits": 8,
    "n_circuits": 8,
    "K": 20,
    "calibration": "heron-typical",
    "sabre_esp_mean": 0.5247106475328251,
    "ms_esp_mean": 0.5287104796432924,
    "ratio": 1.0076229291882572,
    "gain_pct": 0.7622929188257151,
    "p_ms_greater": 0.19140625
  },
  "ring8/vqe": {
    "topology": "ring8",
    "family": "vqe",
    "lam": 0.25,
    "n_qubits": 8,
    "n_circuits": 8,
    "K": 20,
    "calibration": "heron-typical",
    "sabre_esp_mean": 0.1294688849830059,
    "ms_esp_mean": 0.2841221169678114,
    "ratio": 2.19452045953053,
    "gain_pct": 119.45204595305297,
    "p_ms_greater": 0.00390625
  },
  "grid3x3/qft": {
    "topology": "grid3x3",
    "family": "qft",
    "lam": 0.005,
    "n_qubits": 9,
    "n_circuits": 8,
    "K": 20,
    "calibration": "heron-typical",
    "sabre_esp_mean": 0.1226107224015936,
    "ms_esp_mean": 0.13968620417411984,
    "ratio": 1.1392658116522467,
    "gain_pct": 13.926581165224672,
    "p_ms_greater": 0.00390625
  },
  "grid3x3/qv": {
    "topology": "grid3x3",
    "family": "qv",
    "lam": 0.1,
    "n_qubits": 9,
    "n_circuits": 8,
    "K": 20,
    "calibration": "heron-typical",
    "sabre_esp_mean": 0.21620168857048855,
    "ms_esp_mean": 0.22910367183311656,
    "ratio": 1.059675682220315,
    "gain_pct": 5.967568222031511,
    "p_ms_greater": 0.15625
  },
  "grid3x3/qaoa": {
    "topology": "grid3x3",
    "family": "qaoa",
    "lam": 0.05,
    "n_qubits": 9,
    "n_circuits": 8,
    "K": 20,
    "calibration": "heron-typical",
    "sabre_esp_mean": 0.41969714566117866,
    "ms_esp_mean": 0.4197870644651432,
    "ratio": 1.0002142468799087,
    "gain_pct": 0.021424687990877985,
    "p_ms_greater": 0.53125
  },
  "grid3x3/vqe": {
    "topology": "grid3x3",
    "family": "vqe",
    "lam": 0.05,
    "n_qubits": 9,
    "n_circuits": 8,
    "K": 20,
    "calibration": "heron-typical",
    "sabre_esp_mean": 0.08656354259724741,
    "ms_esp_mean": 0.13566511199909828,
    "ratio": 1.5672315148919544,
    "gain_pct": 56.72315148919543,
    "p_ms_greater": 0.00390625
  },
  "ring12/qft": {
    "topology": "ring12",
    "family": "qft",
    "lam": 0.005,
    "n_qubits": 12,
    "n_circuits": 8,
    "K": 20,
    "calibration": "heron-typical",
    "sabre_esp_mean": 0.006968674016825177,
    "ms_esp_mean": 0.04327970075008031,
    "ratio": 6.210607734783652,
    "gain_pct": 521.0607734783653,
    "p_ms_greater": 0.00390625
  },
  "ring12/qv": {
    "topology": "ring12",
    "family": "qv",
    "lam": 0.005,
    "n_qubits": 12,
    "n_circuits": 8,
    "K": 20,
    "calibration": "heron-typical",
    "sabre_esp_mean": 0.01895386250509858,
    "ms_esp_mean": 0.022454959705075397,
    "ratio": 1.1847168195419284,
    "gain_pct": 18.471681954192846,
    "p_ms_greater": 0.0546875
  },
  "ring12/qaoa": {
    "topology": "ring12",
    "family": "qaoa",
    "lam": 0.02,
    "n_qubits": 12,
    "n_circuits": 8,
    "K": 20,
    "calibration": "heron-typical",
    "sabre_esp_mean": 0.08784676148626291,
    "ms_esp_mean": 0.10469482556651308,
    "ratio": 1.1917892452174779,
    "gain_pct": 19.17892452174778,
    "p_ms_greater": 0.0078125
  }
}