{
  "ae/linear7": {
    "family": "ae",
    "topology": "linear7",
    "n_qubits": 7,
    "STD": 1.029149357024869,
    "ED_1_1": 1.029149357024869,
    "ED_2_1": 1.029149357024869,
    "ED_4_1": 1.029149357024869
  },
  "ae/ring8": {
    "family": "ae",
    "topology": "ring8",
    "n_qubits": 8,
    "STD": 1.0448840160688926,
    "ED_1_1": 1.0457385150300356,
    "ED_2_1": 1.0457385150300356,
    "ED_4_1": 1.0468067596783823
  },
  "ae/grid3x3": {
    "family": "ae",
    "topology": "grid3x3",
    "n_qubits": 9,
    "STD": 0.8466963867255248,
    "ED_1_1": 0.8253474171112086,
    "ED_2_1": 0.8939092976778622,
    "ED_4_1": 0.952988637464211
  },
  "ae/ring12": {
    "family": "ae",
    "topology": "ring12",
    "n_qubits": 12,
    "STD": 1.5012297747215149,
    "ED_1_1": 1.4927714628637256,
    "ED_2_1": 1.4927714628637256,
    "ED_4_1": 1.4927714628637256
  },
  "ae/heavy_hex2": {
    "family": "ae",
    "topology": "heavy_hex2",
    "n_qubits": 14,
    "STD": 1.4594722475051147,
    "ED_1_1": 1.2227827927368067,
    "ED_2_1": 1.6672051951695992,
    "ED_4_1": 1.443916814786463
  },
  "ae/grid4x4": {
    "family": "ae",
    "topology": "grid4x4",
    "n_qubits": 16,
    "STD": 0.9023364752400737,
    "ED_1_1": 0.7875567405501257,
    "ED_2_1": 0.8476397228022463,
    "ED_4_1": 0.9247588589349545
  },
  "qaoa/linear7": {
    "family": "qaoa",
    "topology": "linear7",
    "n_qubits": 7,
    "STD": 1.0026630263515526,
    "ED_1_1": 0.9796417985930786,
    "ED_2_1": 1.0026630263515526,
    "ED_4_1": 0.9796417985930786
  },
  "qaoa/ring8": {
    "family": "qaoa",
    "topology": "ring8",
    "n_qubits": 8,
    "STD": 0.896068466255079,
    "ED_1_1": 0.8944052143125908,
    "ED_2_1": 0.896068466255079,
    "ED_4_1": 0.896068466255079
  },
  "qaoa/grid3x3": {
    "family": "qaoa",
    "topology": "grid3x3",
    "n_qubits": 9,
    "STD": 0.9889136280173496,
    "ED_1_1": 0.9889136280173496,
    "ED_2_1": 0.9889136280173496,
    "ED_4_1": 1.0072820990710194
  },
  "qaoa/ring12": {
    "family": "qaoa",
    "topology": "ring12",
    "n_qubits": 12,
    "STD": 1.2032445402043337,
    "ED_1_1": 1.2032445402043337,
    "ED_2_1": 1.2032445402043337,
    "ED_4_1": 1.2426644022130142
  },
  "qaoa/heavy_hex2": {
    "family": "qaoa",
    "topology": "heavy_hex2",
    "n_qubits": 14,
    "STD": 0.8817843675196043,
    "ED_1_1": 0.6826963455755121,
    "ED_2_1": 0.818235406291926,
    "ED_4_1": 0.7874023166653344
  },
  "qaoa/grid4x4": {
    "family": "qaoa",
    "topology": "grid4x4",
    "n_qubits": 16,
    "STD": 0.9489222335426074,
    "ED_1_1": 0.9572152732624849,
    "ED_2_1": 0.8594641759756471,
    "ED_4_1": 0.8423271288865648
  },
  "qft/linear7": {
    "family": "qft",
    "topology": "linear7",
    "n_qubits": 7,
    "STD": 1.0291017402463922,
    "ED_1_1": 1.0291017402463922,
    "ED_2_1": 1.0291017402463922,
    "ED_4_1": 1.0291017402463922
  },
  "qft/ring8": {
    "family": "qft",
    "topology": "ring8",
    "n_qubits": 8,
    "STD": 1.1076717935805491,
    "ED_1_1": 1.1076717935805491,
    "ED_2_1": 1.1076717935805491,
    "ED_4_1": 1.1076717935805491
  },
  "qft/grid3x3": {
    "family": "qft",
    "topology": "grid3x3",
    "n_qubits": 9,
    "STD": 0.9282068128494044,
    "ED_1_1": 0.94632962254393,
    "ED_2_1": 0.946581773660704,
    "ED_4_1": 0.9544001159520095
  },
  "qft/ring12": {
    "family": "qft",
    "topology": "ring12",
    "n_qubits": 12,
    "STD": 1.4811748979037676,
    "ED_1_1": 1.4811748979037676,
    "ED_2_1": 1.4811748979037676,
    "ED_4_1": 1.4811748979037676
  },
  "qft/heavy_hex2": {
    "family": "qft",
    "topology": "heavy_hex2",
    "n_qubits": 14,
    "STD": 0.8919302059678452,
    "ED_1_1": 0.9150402505369402,
    "ED_2_1": 0.9150402505369402,
    "ED_4_1": 0.9192004864565707
  },
  "qft/grid4x4": {
    "family": "qft",
    "topology": "grid4x4",
    "n_qubits": 16,
    "STD": 0.7909181314928629,
    "ED_1_1": 0.8223578245727089,
    "ED_2_1": 0.6267014261442083,
    "ED_4_1": 0.8170400765386565
  },
  "qpeexact/linear7": {
    "family": "qpeexact",
    "topology": "linear7",
    "n_qubits": 7,
    "STD": 1.0826366453118241,
    "ED_1_1": 1.0826366453118241,
    "ED_2_1": 1.0826366453118241,
    "ED_4_1": 1.0826366453118241
  },
  "qpeexact/ring8": {
    "family": "qpeexact",
    "topology": "ring8",
    "n_qubits": 8,
    "STD": 1.0640397302235645,
    "ED_1_1": 1.0550903623689356,
    "ED_2_1": 1.0550903623689356,
    "ED_4_1": 1.0640397302235645
  },
  "qpeexact/grid3x3": {
    "family": "qpeexact",
    "topology": "grid3x3",
    "n_qubits": 9,
    "STD": 0.9049542514164435,
    "ED_1_1": 0.9267184781979773,
    "ED_2_1": 0.9061305082903854,
    "ED_4_1": 0.925406236245421
  },
  "qpeexact/ring12": {
    "family": "qpeexact",
    "topology": "ring12",
    "n_qubits": 12,
    "STD": 1.3097075685522803,
    "ED_1_1": 1.3097075685522803,
    "ED_2_1": 1.3097075685522803,
    "ED_4_1": 1.3097075685522803
  },
  "qpeexact/heavy_hex2": {
    "family": "qpeexact",
    "topology": "heavy_hex2",
    "n_qubits": 14,
    "STD": 1.4029682106837833,
    "ED_1_1": 1.200635568612478,
    "ED_2_1": 1.2991764413789428,
    "ED_4_1": 1.3343775193458365
  },
  "qpeexact/grid4x4": {
    "family": "qpeexact",
    "topology": "grid4x4",
    "n_qubits": 16,
    "STD": 0.6957980007711273,
    "ED_1_1": 0.7865536246643909,
    "ED_2_1": 0.6099791887754745,
    "ED_4_1": 0.6593952406781888
  },
  "qpeinexact/linear7": {
    "family": "qpeinexact",
    "topology": "linear7",
    "n_qubits": 7,
    "STD": 1.0221464130821118,
    "ED_1_1": 1.0221464130821118,
    "ED_2_1": 1.0221464130821118,
    "ED_4_1": 1.0221464130821118
  },
  "qpeinexact/ring8": {
    "family": "qpeinexact",
    "topology": "ring8",
    "n_qubits": 8,
    "STD": 1.0640171330596158,
    "ED_1_1": 1.0550644931983464,
    "ED_2_1": 1.0550644931983464,
    "ED_4_1": 1.0640171330596158
  },
  "qpeinexact/grid3x3": {
    "family": "qpeinexact",
    "topology": "grid3x3",
    "n_qubits": 9,
    "STD": 0.9842005463837918,
    "ED_1_1": 0.9631514814037244,
    "ED_2_1": 0.9621716945962934,
    "ED_4_1": 1.0249720865860705
  },
  "qpeinexact/ring12": {
    "family": "qpeinexact",
    "topology": "ring12",
    "n_qubits": 12,
    "STD": 1.655837632012935,
    "ED_1_1": 1.655837632012935,
    "ED_2_1": 1.655837632012935,
    "ED_4_1": 1.655837632012935
  },
  "qpeinexact/heavy_hex2": {
    "family": "qpeinexact",
    "topology": "heavy_hex2",
    "n_qubits": 14,
    "STD": 1.4189823948261353,
    "ED_1_1": 1.3188982099967226,
    "ED_2_1": 1.2464481198920654,
    "ED_4_1": 1.0906961233763706
  },
  "qpeinexact/grid4x4": {
    "family": "qpeinexact",
    "topology": "grid4x4",
    "n_qubits": 16,
    "STD": 0.6957032457605389,
    "ED_1_1": 0.7864999132664912,
    "ED_2_1": 0.6132608088835405,
    "ED_4_1": 0.659319641959163
  },
  "qftentangled/linear7": {
    "family": "qftentangled",
    "topology": "linear7",
    "n_qubits": 7,
    "STD": 1.2325524270455719,
    "ED_1_1": 1.2325524270455719,
    "ED_2_1": 1.2325524270455719,
    "ED_4_1": 1.2325524270455719
  },
  "qftentangled/ring8": {
    "family": "qftentangled",
    "topology": "ring8",
    "n_qubits": 8,
    "STD": 1.197693296589392,
    "ED_1_1": 1.197693296589392,
    "ED_2_1": 1.197693296589392,
    "ED_4_1": 1.197693296589392
  },
  "qftentangled/grid3x3": {
    "family": "qftentangled",
    "topology": "grid3x3",
    "n_qubits": 9,
    "STD": 0.9935374859575302,
    "ED_1_1": 0.9883187351152499,
    "ED_2_1": 0.9797801691099078,
    "ED_4_1": 1.0636530654010368
  },
  "qftentangled/ring12": {
    "family": "qftentangled",
    "topology": "ring12",
    "n_qubits": 12,
    "STD": 2.8817773310515804,
    "ED_1_1": 2.8817773310515804,
    "ED_2_1": 2.8817773310515804,
    "ED_4_1": 2.8817773310515804
  },
  "qftentangled/heavy_hex2": {
    "family": "qftentangled",
    "topology": "heavy_hex2",
    "n_qubits": 14,
    "STD": 0.8744393518487796,
    "ED_1_1": 0.8723779790322386,
    "ED_2_1": 0.8723779790322386,