{
  "ring12/qft": {
    "topology": "ring12",
    "family": "qft",
    "lambda": 0.25,
    "n_circuits": 60,
    "sabre_k1": 260.6333333333333,
    "sabre_k20": 217.13333333333333,
    "ms_k1": 137.83333333333334,
    "ms_k20": 92.5,
    "gain_k1_vs_sabre_k1": 47.11599948842562,
    "p_k1_vs_sabre_k1": 2.5570262701076266e-10,
    "gain_k20_vs_sabre_k20": 57.39944734418176,
    "p_k20_vs_sabre_k20": 8.032180364437162e-12,
    "gain_ms_k20_vs_sabre_k1": 64.50952807264356,
    "p_ms_k20_vs_sabre_k1": 8.018308998731072e-12
  },
  "ring12/parallel": {
    "topology": "ring12",
    "family": "parallel",
    "lambda": 0.02,
    "n_circuits": 60,
    "sabre_k1": 55.666666666666664,
    "sabre_k20": 54.46666666666667,
    "ms_k1": 52.233333333333334,
    "ms_k20": 51.3,
    "gain_k1_vs_sabre_k1": 6.167664670658677,
    "p_k1_vs_sabre_k1": 0.0018458729726649843,
    "gain_k20_vs_sabre_k20": 5.813953488372102,
    "p_k20_vs_sabre_k20": 0.0007305254371921409,
    "gain_ms_k20_vs_sabre_k1": 7.844311377245511,
    "p_ms_k20_vs_sabre_k1": 0.00010697680046603407
  },
  "ring12/random": {
    "topology": "ring12",
    "family": "random",
    "lambda": 0.1,
    "n_circuits": 60,
    "sabre_k1": 98.7,
    "sabre_k20": 94.2,
    "ms_k1": 88.56666666666666,
    "ms_k20": 84.56666666666666,
    "gain_k1_vs_sabre_k1": 10.266801756163463,
    "p_k1_vs_sabre_k1": 2.3702543688014347e-06,
    "gain_k20_vs_sabre_k20": 10.22646850672329,
    "p_k20_vs_sabre_k20": 3.4153604920012208e-06,
    "gain_ms_k20_vs_sabre_k1": 14.319486659912197,
    "p_ms_k20_vs_sabre_k1": 1.565498241507801e-08
  },
  "linear9/qft": {
    "topology": "linear9",
    "family": "qft",
    "lambda": 0.25,
    "n_circuits": 60,
    "sabre_k1": 139.73333333333332,
    "sabre_k20": 96.3,
    "ms_k1": 78.1,
    "ms_k20": 63.5,
    "gain_k1_vs_sabre_k1": 44.107824427480914,
    "p_k1_vs_sabre_k1": 2.5784275057441002e-12,
    "gain_k20_vs_sabre_k20": 34.060228452751815,
    "p_k20_vs_sabre_k20": 2.5784275057441002e-12,
    "gain_ms_k20_vs_sabre_k1": 54.55629770992366,
    "p_ms_k20_vs_sabre_k1": 2.5690891994016243e-12
  },
  "grid4x4/qft": {
    "topology": "grid4x4",
    "family": "qft",
    "lambda": 0.05,
    "n_circuits": 60,
    "sabre_k1": 291.7,
    "sabre_k20": 250.06666666666666,
    "ms_k1": 217.13333333333333,
    "ms_k20": 185.2,
    "gain_k1_vs_sabre_k1": 25.56279282367729,
    "p_k1_vs_sabre_k1": 2.374571088963655e-11,
    "gain_k20_vs_sabre_k20": 25.93974940015996,
    "p_k20_vs_sabre_k20": 8.012011078199249e-12,
    "gain_ms_k20_vs_sabre_k1": 36.51011312992801,
    "p_ms_k20_vs_sabre_k1": 8.091696497628213e-12
  },
  "grid4x4/parallel": {
    "topology": "grid4x4",
    "family": "parallel",
    "lambda": 0.05,
    "n_circuits": 60,
    "sabre_k1": 67.76666666666667,
    "sabre_k20": 63.63333333333333,
    "ms_k1": 54.333333333333336,
    "ms_k20": 49.13333333333333,
    "gain_k1_vs_sabre_k1": 19.822921790457446,
    "p_k1_vs_sabre_k1": 1.0375801086079325e-09,
    "gain_k20_vs_sabre_k20": 22.786799371398637,
    "p_k20_vs_sabre_k20": 5.985000923636798e-10,
    "gain_ms_k20_vs_sabre_k1": 27.49631087063453,
    "p_ms_k20_vs_sabre_k1": 2.4741087046423994e-11
  },
  "heavy_hex2/qft": {
    "topology": "heavy_hex2",
    "family": "qft",
    "lambda": 0.25,
    "n_circuits": 60,
    "sabre_k1": 218.6,
    "sabre_k20": 196.1,
    "ms_k1": 215.16666666666666,
    "ms_k20": 191.8,
    "gain_k1_vs_sabre_k1": 1.570600792924674,
    "p_k1_vs_sabre_k1": 0.0053963910816940885,
    "gain_k20_vs_sabre_k20": 2.192758796532373,
    "p_k20_vs_sabre_k20": 0.01496931352359236,
    "gain_ms_k20_vs_sabre_k1": 12.259835315645006,
    "p_ms_k20_vs_sabre_k1": 2.0168876805146828e-08
  },
  "heavy_hex2/random": {
    "topology": "heavy_hex2",
    "family": "random",
    "lambda": 0.1,
    "n_circuits": 60,
    "sabre_k1": 80.16666666666667,
    "sabre_k20": 74.73333333333333,
    "ms_k1": 71.4,
    "ms_k20": 65.76666666666667,
    "gain_k1_vs_sabre_k1": 10.935550935550934,
    "p_k1_vs_sabre_k1": 4.313699301421501e-05,
    "gain_k20_vs_sabre_k20": 11.998215878679753,
    "p_k20_vs_sabre_k20": 6.178073631757979e-06,
    "gain_ms_k20_vs_sabre_k1": 17.962577962577967,
    "p_ms_k20_vs_sabre_k1": 3.0485073053088897e-09
  }
}