{
  "linear5/qft": {
    "topology": "linear5",
    "family": "qft",
    "lambda": 0.25,
    "n_circuits": 60,
    "sabre_k1": 29.733333333333334,
    "sabre_k20": 29.733333333333334,
    "ms_k1": 28.533333333333335,
    "ms_k20": 26.266666666666666,
    "gain_k1_vs_sabre_k1": 4.035874439461881,
    "p_k1_vs_sabre_k1": 0.007443522838372447,
    "gain_k20_vs_sabre_k20": 11.659192825112113,
    "p_k20_vs_sabre_k20": 1.7070867886487664e-07,
    "gain_ms_k20_vs_sabre_k1": 11.659192825112113,
    "p_ms_k20_vs_sabre_k1": 1.7070867886487664e-07
  },
  "linear7/qft": {
    "topology": "linear7",
    "family": "qft",
    "lambda": 0.25,
    "n_circuits": 60,
    "sabre_k1": 73.16666666666667,
    "sabre_k20": 73.16666666666667,
    "ms_k1": 58.63333333333333,
    "ms_k20": 46.733333333333334,
    "gain_k1_vs_sabre_k1": 19.863325740318913,
    "p_k1_vs_sabre_k1": 2.0006284975337582e-11,
    "gain_k20_vs_sabre_k20": 36.12756264236903,
    "p_k20_vs_sabre_k20": 3.4839650870024478e-12,
    "gain_ms_k20_vs_sabre_k1": 36.12756264236903,
    "p_ms_k20_vs_sabre_k1": 3.4839650870024478e-12
  },
  "ring8/qft": {
    "topology": "ring8",
    "family": "qft",
    "lambda": 0.25,
    "n_circuits": 60,
    "sabre_k1": 112.53333333333333,
    "sabre_k20": 86.7,
    "ms_k1": 71.9,
    "ms_k20": 53.0,
    "gain_k1_vs_sabre_k1": 36.10781990521326,
    "p_k1_vs_sabre_k1": 7.465734386381532e-12,
    "gain_k20_vs_sabre_k20": 38.86966551326413,
    "p_k20_vs_sabre_k20": 5.837434518341907e-12,
    "gain_ms_k20_vs_sabre_k1": 52.90284360189573,
    "p_ms_k20_vs_sabre_k1": 6.126498082830784e-12
  },
  "grid3x3/qft": {
    "topology": "grid3x3",
    "family": "qft",
    "lambda": 0.05,
    "n_circuits": 60,
    "sabre_k1": 111.26666666666667,
    "sabre_k20": 101.06666666666666,
    "ms_k1": 91.7,
    "ms_k20": 85.2,
    "gain_k1_vs_sabre_k1": 17.58538046734571,
    "p_k1_vs_sabre_k1": 2.5235652339865542e-09,
    "gain_k20_vs_sabre_k20": 15.699208443271763,
    "p_k20_vs_sabre_k20": 1.0505962577651336e-10,
    "gain_ms_k20_vs_sabre_k1": 23.427201917315752,
    "p_ms_k20_vs_sabre_k1": 2.172269263048777e-11
  },
  "grid4x4/random": {
    "topology": "grid4x4",
    "family": "random",
    "lambda": 0.05,
    "n_circuits": 60,
    "sabre_k1": 59.0,
    "sabre_k20": 56.6,
    "ms_k1": 52.333333333333336,
    "ms_k20": 48.9,
    "gain_k1_vs_sabre_k1": 11.299435028248583,
    "p_k1_vs_sabre_k1": 0.00022519952415780647,
    "gain_k20_vs_sabre_k20": 13.604240282685517,
    "p_k20_vs_sabre_k20": 2.1954373441894404e-07,
    "gain_ms_k20_vs_sabre_k1": 17.118644067796613,
    "p_ms_k20_vs_sabre_k1": 1.9244752508035686e-08
  },
  "linear5/random": {
    "topology": "linear5",
    "family": "random",
    "lambda": 0.1,
    "n_circuits": 60,
    "sabre_k1": 102.76666666666667,
    "sabre_k20": 101.16666666666667,
    "ms_k1": 91.1,
    "ms_k20": 86.0,
    "gain_k1_vs_sabre_k1": 11.35257865715213,
    "p_k1_vs_sabre_k1": 4.828030457632147e-07,
    "gain_k20_vs_sabre_k20": 14.991762767710053,
    "p_k20_vs_sabre_k20": 1.5951491101817175e-09,
    "gain_ms_k20_vs_sabre_k1": 16.315277327278622,
    "p_ms_k20_vs_sabre_k1": 9.825163772267298e-10
  },
  "linear5/parallel": {
    "topology": "linear5",
    "family": "parallel",
    "lambda": 0.02,
    "n_circuits": 60,
    "sabre_k1": 24.266666666666666,
    "sabre_k20": 23.566666666666666,
    "ms_k1": 22.833333333333332,
    "ms_k20": 22.466666666666665,
    "gain_k1_vs_sabre_k1": 5.906593406593409,
    "p_k1_vs_sabre_k1": 0.0311383274630104,
    "gain_k20_vs_sabre_k20": 4.667609618104674,
    "p_k20_vs_sabre_k20": 0.014042449793272307,
    "gain_ms_k20_vs_sabre_k1": 7.4175824175824205,
    "p_ms_k20_vs_sabre_k1": 0.00480761791494947
  }
}