{
  "linear7/qft": {
    "topology": "linear7",
    "family": "qft",
    "n_qubits": 7,
    "n_train": 6,
    "n_test": 6,
    "lambda_grid": [
      0.005,
      0.01,
      0.02,
      0.05,
      0.1,
      0.25
    ],
    "train_means_per_lambda": {
      "0.005": 122.0,
      "0.01": 122.0,
      "0.02": 122.0,
      "0.05": 122.0,
      "0.1": 116.5,
      "0.25": 128.0
    },
    "best_lambda_from_train": 0.1,
    "test_sabre_mean": 156.0,
    "test_ms_mean": 116.5,
    "test_gain_pct": 25.32051282051282,
    "test_gain_mean_percircuit": 25.320512820512818,
    "test_gain_std": 0.7850928662766598,
    "test_gain_sem": 0.3205128205128206,
    "per_circuit_gain": [
      25.641025641025642,
      25.641025641025642,
      23.71794871794872,
      25.641025641025642,
      25.641025641025642,
      25.641025641025642
    ],
    "test_p_ms_less": 0.015625
  },
  "ring8/qft": {
    "topology": "ring8",
    "family": "qft",
    "n_qubits": 8,
    "n_train": 6,
    "n_test": 6,
    "lambda_grid": [
      0.005,
      0.01,
      0.02,
      0.05,
      0.1,
      0.25
    ],
    "train_means_per_lambda": {
      "0.005": 148.0,
      "0.01": 148.0,
      "0.02": 148.0,
      "0.05": 151.0,
      "0.1": 151.0,
      "0.25": 142.0
    },
    "best_lambda_from_train": 0.25,
    "test_sabre_mean": 159.5,
    "test_ms_mean": 142.0,
    "test_gain_pct": 10.9717868338558,
    "test_gain_mean_percircuit": 10.96735668789809,
    "test_gain_std": 0.6923318938598949,
    "test_gain_sem": 0.2826433121019108,
    "per_circuit_gain": [
      9.554140127388536,
      11.25,
      11.25,
      11.25,
      11.25,
      11.25
    ],
    "test_p_ms_less": 0.015625
  },
  "ring12/qft": {
    "topology": "ring12",
    "family": "qft",
    "n_qubits": 12,
    "n_train": 6,
    "n_test": 6,
    "lambda_grid": [
      0.005,
      0.01,
      0.02,
      0.05,
      0.1,
      0.25
    ],
    "train_means_per_lambda": {
      "0.005": 229.5,
      "0.01": 241.5,
      "0.02": 232.5,
      "0.05": 233.0,
      "0.1": 236.5,
      "0.25": 232.0
    },
    "best_lambda_from_train": 0.005,
    "test_sabre_mean": 355.3333333333333,
    "test_ms_mean": 229.5,
    "test_gain_pct": 35.412757973733584,
    "test_gain_mean_percircuit": 35.22717311720421,
    "test_gain_std": 3.8398865737566585,
    "test_gain_sem": 1.5676271293112962,
    "per_circuit_gain": [
      41.07142857142857,
      32.848837209302324,
      29.573170731707318,
      36.206896551724135,
      36.187845303867405,
      35.47486033519553
    ],
    "test_p_ms_less": 0.015625
  },
  "grid3x3/qft": {
    "topology": "grid3x3",
    "family": "qft",
    "n_qubits": 9,
    "n_train": 6,
    "n_test": 6,
    "lambda_grid": [
      0.005,
      0.01,
      0.02,
      0.05,
      0.1,
      0.25
    ],
    "train_means_per_lambda": {
      "0.005": 187.66666666666666,
      "0.01": 187.66666666666666,
      "0.02": 191.0,
      "0.05": 190.83333333333334,
      "0.1": 184.16666666666666,
      "0.25": 173.83333333333334
    },
    "best_lambda_from_train": 0.25,
    "test_sabre_mean": 208.5,
    "test_ms_mean": 173.83333333333334,
    "test_gain_pct": 16.626698641087124,
    "test_gain_mean_percircuit": 16.555241625121436,
    "test_gain_std": 4.584234704142236,
    "test_gain_sem": 1.8715059810511812,
    "per_circuit_gain": [
      20.18348623853211,
      24.056603773584907,
      14.97584541062802,
      13.679245283018869,
      14.35897435897436,
      12.077294685990339
    ],
    "test_p_ms_less": 0.015625
  },
  "grid4x4/qft": {
    "topology": "grid4x4",
    "family": "qft",
    "n_qubits": 16,
    "n_train": 4,
    "n_test": 2,
    "lambda_grid": [
      0.005,
      0.01,
      0.02,
      0.05,
      0.1,
      0.25
    ],
    "train_means_per_lambda": {
      "0.005": 432.5,
      "0.01": 441.0,
      "0.02": 434.75,
      "0.05": 431.0,
      "0.1": 420.0
    },
    "best_lambda_from_train": 0.1,
    "test_sabre_mean": 529.0,
    "test_ms_mean": 420.0,
    "test_gain_pct": 20.604914933837428,
    "test_gain_mean_percircuit": 20.57540072550526,
    "test_gain_std": 3.680023211750507,
    "test_gain_sem": 2.6021693679526816,
    "per_circuit_gain": [
      17.97323135755258,
      23.177570093457945
    ],
    "test_p_ms_less": 0.25
  },
  "heavy_hex2/qft": {
    "topology": "heavy_hex2",
    "family": "qft",
    "n_qubits": 14,
    "n_train": 4,
    "n_test": 4,
    "lambda_grid": [
      0.005,
      0.01,
      0.02,
      0.05,
      0.1,
      0.25
    ],
    "train_means_per_lambda": {
      "0.005": 371.5,
      "0.01": 355.0,
      "0.02": 362.25,
      "0.05": 371.25,
      "0.1": 365.0
    },
    "best_lambda_from_train": 0.01,
    "test_sabre_mean": 385.75,
    "test_ms_mean": 355.0,
    "test_gain_pct": 7.971484121840571,
    "test_gain_mean_percircuit": 7.846893243378658,
    "test_gain_std": 5.333667288489336,
    "test_gain_sem": 2.666833644244668,
    "per_circuit_gain": [
      2.150537634408602,
      13.71571072319202,
      4.724409448818897,
      10.796915167095115
    ],
    "test_p_ms_less": 0.0625
  },
  "linear7/qv": {
    "topology": "linear7",
    "family": "qv",
    "n_qubits": 7,
    "n_train": 6,
    "n_test": 6,
    "lambda_grid": [
      0.005,
      0.01,
      0.02,
      0.05,
      0.1,
      0.25
    ],
    "train_means_per_lambda": {
      "0.005": 113.33333333333333,
      "0.01": 113.33333333333333,
      "0.02": 113.33333333333333,
      "0.05": 115.0,
      "0.1": 117.66666666666667,
      "0.25": 122.0
    },
    "best_lambda_from_train": 0.005,
    "test_sabre_mean": 110.0,
    "test_ms_mean": 109.0,
    "test_gain_pct": 0.9090909090909091,
    "test_gain_mean_percircuit": 0.5371041456519846,
    "test_gain_std": 4.5802255573535815,
    "test_gain_sem": 1.869869253728494,
    "per_circuit_gain": [
      3.076923076923077,
      0.0,
      0.0,
      7.042253521126761,
      -6.896551724137931,
      0.0
    ],
    "test_p_ms_less": 0.375
  },
  "ring8/qv": {
    "topology": "ring8",
    "family": "qv",
    "n_qubits": 8,
    "n_train": 6,
    "n_test": 6,
    "lambda_grid": [
      0.005,
      0.01,
      0.02,
      0.05,
      0.1,
      0.25
    ],
    "train_means_per_lambda": {
      "0.005": 115.66666666666667,
      "0.01": 115.66666666666667,
      "0.02": 115.66666666666667,
      "0.05": 115.66666666666667,
      "0.1": 115.66666666666667,
      "0.25": 118.33333333333333
    },
    "best_lambda_from_train": 0.005,
    "test_sabre_mean": 116.66666666666667,
    "test_ms_mean": 111.66666666666667,
    "test_gain_pct": 4.285714285714286,
    "test_gain_mean_percircuit": 4.124116624116624,
    "test_gain_std": 6.904960043645164,
    "test_gain_sem": 2.8189381335394192,
    "per_circuit_gain": [
      1.5151515151515151,
      5.769230769230769,
      0.0,
      0.0,
      0.0,
      17.46031746031746
    ],
    "test_p_ms_less": 0.125
  },
  "ring12/qv": {
    "topology": "ring12",
    "family": "qv",
    "n_qubits": 12,
    "n_train": 5,
    "n_test": 5,
    "lambda_grid": [
      0.005,
      0.01,
      0.02,
      0.05,
      0.1,
      0.25
    ],
    "train_means_per_lambda": {
      "0.005": 240.0,
      "0.01": 240.0,
      "0.02": 239.6,
      "0.05": 242.4,
      "0.1": 248.4,
      "0.25": 256.4
    },
    "best_lambda_from_train": 0.02,
    "test_sabre_mean": 264.8,
    "test_ms_mean": 247.2,
    "test_gain_pct": 6.646525679758317,
    "test_gain_mean_percircuit": 6.392800026487324,
    "test_gain_std": 7.150166299879294,
    "test_gain_sem": 3.1976515793916493,
    "per_circuit_gain": [
      9.489051094890511,
      5.970149253731344,
      12.318840579710145,
      9.923664122137405,
      -5.737704918032787
    ],
    "test_p_ms_less": 0.0625
  },
  "grid3x3/qv": {
    "topology": "grid3x3",
    "family": "qv",
    "n_qubits": 9,
    "n_train": 6,
    "n_test": 6,
    "lambda_grid": [
      0.005,
      0.01,
      0.02,
      0.05,
      0.1,
      0.25
    ],
    "train_means_per_lambda": {
      "0.005": 144.0,
      "0.01": 144.0,