{
  "ring12/qft": {
    "topology": "ring12",
    "family": "qft",
    "lambda": 0.25,
    "n_circuits": 30,
    "k_results": {
      "1": {
        "sabre_mean": 261.4,
        "ms_mean": 131.0,
        "gain_pct": 49.88523335883703
      },
      "2": {
        "sabre_mean": 233.53333333333333,
        "ms_mean": 95.53333333333333,
        "gain_pct": 59.09220667998858
      },
      "3": {
        "sabre_mean": 237.53333333333333,
        "ms_mean": 95.4,
        "gain_pct": 59.83721582935728
      },
      "5": {
        "sabre_mean": 230.66666666666666,
        "ms_mean": 94.33333333333333,
        "gain_pct": 59.104046242774565
      },
      "8": {
        "sabre_mean": 227.6,
        "ms_mean": 92.73333333333333,
        "gain_pct": 59.25600468658466
      },
      "10": {
        "sabre_mean": 227.2,
        "ms_mean": 92.06666666666666,
        "gain_pct": 59.47769953051643
      },
      "15": {
        "sabre_mean": 222.4,
        "ms_mean": 91.93333333333334,
        "gain_pct": 58.663069544364504
      },
      "20": {
        "sabre_mean": 215.46666666666667,
        "ms_mean": 91.93333333333334,
        "gain_pct": 57.33292079207921
      },
      "30": {
        "sabre_mean": 205.46666666666667,
        "ms_mean": 91.93333333333334,
        "gain_pct": 55.25632706035042
      },
      "50": {
        "sabre_mean": 205.26666666666668,
        "ms_mean": 91.93333333333334,
        "gain_pct": 55.21273140630075
      }
    }
  },
  "linear9/qft": {
    "topology": "linear9",
    "family": "qft",
    "lambda": 0.25,
    "n_circuits": 40,
    "k_results": {
      "1": {
        "sabre_mean": 139.7,
        "ms_mean": 79.45,
        "gain_pct": 43.128131710808866
      },
      "2": {
        "sabre_mean": 139.7,
        "ms_mean": 63.4,
        "gain_pct": 54.617036506800275
      },
      "3": {
        "sabre_mean": 139.7,
        "ms_mean": 63.3,
        "gain_pct": 54.688618468146025
      },
      "5": {
        "sabre_mean": 95.25,
        "ms_mean": 63.3,
        "gain_pct": 33.54330708661418
      },
      "8": {
        "sabre_mean": 95.25,
        "ms_mean": 63.3,
        "gain_pct": 33.54330708661418
      },
      "10": {
        "sabre_mean": 95.25,
        "ms_mean": 63.3,
        "gain_pct": 33.54330708661418
      },
      "15": {
        "sabre_mean": 95.25,
        "ms_mean": 63.3,
        "gain_pct": 33.54330708661418
      },
      "20": {
        "sabre_mean": 95.25,
        "ms_mean": 63.3,
        "gain_pct": 33.54330708661418
      },
      "30": {
        "sabre_mean": 95.25,
        "ms_mean": 63.3,
        "gain_pct": 33.54330708661418
      },
      "50": {
        "sabre_mean": 95.25,
        "ms_mean": 63.3,
        "gain_pct": 33.54330708661418
      }
    }
  },
  "grid4x4/qft": {
    "topology": "grid4x4",
    "family": "qft",
    "lambda": 0.1,
    "n_circuits": 20,
    "k_results": {
      "1": {
        "sabre_mean": 288.5,
        "ms_mean": 242.9,
        "gain_pct": 15.805892547660308
      },
      "2": {
        "sabre_mean": 264.6,
        "ms_mean": 227.7,
        "gain_pct": 13.94557823129253
      },
      "3": {
        "sabre_mean": 260.6,
        "ms_mean": 217.8,
        "gain_pct": 16.423637759017655
      },
      "5": {
        "sabre_mean": 251.8,
        "ms_mean": 205.4,
        "gain_pct": 18.427323272438446
      },
      "8": {
        "sabre_mean": 247.1,
        "ms_mean": 200.5,
        "gain_pct": 18.858761634965596
      },
      "10": {
        "sabre_mean": 249.2,
        "ms_mean": 200.4,
        "gain_pct": 19.582664526484745
      },
      "15": {
        "sabre_mean": 246.0,
        "ms_mean": 193.1,
        "gain_pct": 21.50406504065041
      },
      "20": {
        "sabre_mean": 246.1,
        "ms_mean": 191.8,
        "gain_pct": 22.064201544087762
      },
      "30": {
        "sabre_mean": 244.6,
        "ms_mean": 190.8,
        "gain_pct": 21.99509403107113
      },
      "50": {
        "sabre_mean": 237.8,
        "ms_mean": 187.1,
        "gain_pct": 21.320437342304466
      }
    }
  },
  "heavy_hex2/qft": {
    "topology": "heavy_hex2",
    "family": "qft",
    "lambda": 0.25,
    "n_circuits": 20,
    "k_results": {
      "1": {
        "sabre_mean": 219.6,
        "ms_mean": 218.2,
        "gain_pct": 0.6375227686703122
      },
      "2": {
        "sabre_mean": 209.6,
        "ms_mean": 201.4,
        "gain_pct": 3.91221374045801
      },
      "3": {
        "sabre_mean": 202.7,
        "ms_mean": 197.1,
        "gain_pct": 2.762703502713367
      },
      "5": {
        "sabre_mean": 195.6,
        "ms_mean": 186.5,
        "gain_pct": 4.652351738241306
      },
      "8": {
        "sabre_mean": 193.4,
        "ms_mean": 183.9,
        "gain_pct": 4.912099276111685
      },
      "10": {
        "sabre_mean": 192.0,
        "ms_mean": 180.9,
        "gain_pct": 5.781249999999997
      },
      "15": {
        "sabre_mean": 190.4,
        "ms_mean": 178.3,
        "gain_pct": 6.3550420168067205
      },
      "20": {
        "sabre_mean": 189.5,
        "ms_mean": 177.1,
        "gain_pct": 6.543535620052773
      },
      "30": {
        "sabre_mean": 189.6,
        "ms_mean": 176.1,
        "gain_pct": 7.120253164556963
      },
      "50": {
        "sabre_mean": 188.0,
        "ms_mean": 171.3,
        "gain_pct": 8.88297872340425
      }
    }
  },
  "ring12/parallel": {
    "topology": "ring12",
    "family": "parallel",
    "lambda": 0.25,
    "n_circuits": 30,
    "k_results": {
      "1": {
        "sabre_mean": 56.266666666666666,
        "ms_mean": 60.46666666666667,
        "gain_pct": -7.4644549763033226
      },
      "2": {
        "sabre_mean": 54.86666666666667,
        "ms_mean": 59.2,
        "gain_pct": -7.897934386391256
      },
      "3": {
        "sabre_mean": 53.666666666666664,
        "ms_mean": 58.2,
        "gain_pct": -8.447204968944108
      },
      "5": {
        "sabre_mean": 53.53333333333333,
        "ms_mean": 57.8,
        "gain_pct": -7.970112079701119
      },
      "8": {
        "sabre_mean": 52.86666666666667,
        "ms_mean": 57.733333333333334,
        "gain_pct": -9.205548549810846
      },
      "10": {
        "sabre_mean": 52.86666666666667,
        "ms_mean": 57.333333333333336,
        "gain_pct": -8.448928121059271
      },
      "15": {
        "sabre_mean": 52.6,
        "ms_mean": 57.2,
        "gain_pct": -8.745247148288975
      },
      "20": {
        "sabre_mean": 52.6,
        "ms_mean": 56.86666666666667,
        "gain_pct": -8.111533586818755
      },
      "30": {
        "sabre_mean": 52.6,
        "ms_mean": 56.86666666666667,
        "gain_pct": -8.111533586818755
      },
      "50": {
        "sabre_mean": 52.46666666666667,
        "ms_mean": 56.86666666666667,
        "gain_pct": -8.386277001270646
      }
    }
  },
  "linear9/parallel": {
    "topology": "linear9",
    "family": "parallel",
    "lambda": 0.25,
    "n_circuits": 40,
    "k_results": {
      "1": {
        "sabre_mean": 53.95,
        "ms_mean": 60.65,
        "gain_pct": -12.41890639481
      },
      "2": {
        "sabre_mean": 52.0,
        "ms_mean": 57.75,
        "gain_pct": -11.057692307692308
      },
      "3": {
        "sabre_mean": 51.45,
        "ms_mean": 56.9,
        "gain_pct": -10.592808551992215
      },
      "5": {
        "sabre_mean": 51.15,
        "ms_mean": 56.3,
        "gain_pct": -10.068426197458454
      },
      "8": {
        "sabre_mean": 50.9,
        "ms_mean": 56.3,
        "gain_pct": -10.609037328094301
      },
      "10": {
        "sabre_mean": 50.7,
        "ms_mean": 56.15,
        "gain_pct": -10.749506903353048
      },
      "15": {
        "sabre_mean": 50.45,
        "ms_mean": 55.75,
        "gain_pct": -10.50545094152626
      },
      "20": {
        "sabre_mean": 50.15,
        "ms_mean": 55.75,
        "gain_pct": -11.166500498504488
      },
      "30": {
        "sabre_mean": 50.1,
        "ms_mean": 55.7,
        "gain_pct": -11.177644710578845
      },