{
  "ring12/qft/lam0.25": {
    "topology": "ring12",
    "family": "qft",
    "lambda": 0.25,
    "n_circuits": 30,
    "k_results": {
      "1": {
        "sabre_mean": 261.4,
        "ms_mean": Infinity,
        "gain_pct": -Infinity
      },
      "2": {
        "sabre_mean": 231.8,
        "ms_mean": 95.53333333333333,
        "gain_pct": 58.78631003738855
      },
      "3": {
        "sabre_mean": 231.46666666666667,
        "ms_mean": 95.4,
        "gain_pct": 58.784562211981566
      },
      "5": {
        "sabre_mean": 226.66666666666666,
        "ms_mean": 94.33333333333333,
        "gain_pct": 58.38235294117647
      },
      "8": {
        "sabre_mean": 220.66666666666666,
        "ms_mean": 92.73333333333333,
        "gain_pct": 57.97583081570997
      },
      "10": {
        "sabre_mean": 219.33333333333334,
        "ms_mean": 92.06666666666666,
        "gain_pct": 58.02431610942249
      },
      "15": {
        "sabre_mean": 215.26666666666668,
        "ms_mean": 91.93333333333334,
        "gain_pct": 57.29327965314339
      },
      "20": {
        "sabre_mean": 210.8,
        "ms_mean": 91.93333333333334,
        "gain_pct": 56.38836179633144
      },
      "30": {
        "sabre_mean": 201.6,
        "ms_mean": 91.93333333333334,
        "gain_pct": 54.398148148148145
      },
      "50": {
        "sabre_mean": 199.0,
        "ms_mean": 91.93333333333334,
        "gain_pct": 53.802345058626464
      }
    }
  },
  "ring12/parallel/lam0.02": {
    "topology": "ring12",
    "family": "parallel",
    "lambda": 0.02,
    "n_circuits": 30,
    "k_results": {
      "1": {
        "sabre_mean": 56.266666666666666,
        "ms_mean": 53.2,
        "gain_pct": 5.4502369668246375
      },
      "2": {
        "sabre_mean": 54.86666666666667,
        "ms_mean": 52.733333333333334,
        "gain_pct": 3.888213851761846
      },
      "3": {
        "sabre_mean": 53.46666666666667,
        "ms_mean": 52.666666666666664,
        "gain_pct": 1.4962593516209555
      },
      "5": {
        "sabre_mean": 53.333333333333336,
        "ms_mean": 52.6,
        "gain_pct": 1.3750000000000018
      },
      "8": {
        "sabre_mean": 52.666666666666664,
        "ms_mean": 52.6,
        "gain_pct": 0.12658227848100548
      },
      "10": {
        "sabre_mean": 52.666666666666664,
        "ms_mean": 52.46666666666667,
        "gain_pct": 0.3797468354430299
      },
      "15": {
        "sabre_mean": 52.4,
        "ms_mean": 52.4,
        "gain_pct": 0.0
      },
      "20": {
        "sabre_mean": 52.4,
        "ms_mean": 52.4,
        "gain_pct": 0.0
      },
      "30": {
        "sabre_mean": 52.4,
        "ms_mean": 52.4,
        "gain_pct": 0.0
      },
      "50": {
        "sabre_mean": 52.4,
        "ms_mean": 52.4,
        "gain_pct": 0.0
      }
    }
  },
  "ring12/random/lam0.1": {
    "topology": "ring12",
    "family": "random",
    "lambda": 0.1,
    "n_circuits": 30,
    "k_results": {
      "1": {
        "sabre_mean": 98.33333333333333,
        "ms_mean": 87.33333333333333,
        "gain_pct": 11.186440677966102
      },
      "2": {
        "sabre_mean": 95.8,
        "ms_mean": 85.73333333333333,
        "gain_pct": 10.508002783576893
      },
      "3": {
        "sabre_mean": 93.6,
        "ms_mean": 84.0,
        "gain_pct": 10.25641025641025
      },
      "5": {
        "sabre_mean": 92.2,
        "ms_mean": 83.46666666666667,
        "gain_pct": 9.472161966738975
      },
      "8": {
        "sabre_mean": 90.46666666666667,
        "ms_mean": 83.46666666666667,
        "gain_pct": 7.737656595431098
      },
      "10": {
        "sabre_mean": 90.2,
        "ms_mean": 83.46666666666667,
        "gain_pct": 7.464892830746491
      },
      "15": {
        "sabre_mean": 89.66666666666667,
        "ms_mean": 82.86666666666666,
        "gain_pct": 7.583643122676592
      },
      "20": {
        "sabre_mean": 88.33333333333333,
        "ms_mean": 82.86666666666666,
        "gain_pct": 6.188679245283021
      },
      "30": {
        "sabre_mean": 88.06666666666666,
        "ms_mean": 82.86666666666666,
        "gain_pct": 5.904617713853145
      },
      "50": {
        "sabre_mean": 87.73333333333333,
        "ms_mean": 82.86666666666666,
        "gain_pct": 5.547112462006088
      }
    }
  },
  "linear9/parallel/lam0.02": {
    "topology": "linear9",
    "family": "parallel",
    "lambda": 0.02,
    "n_circuits": 30,
    "k_results": {
      "1": {
        "sabre_mean": 54.46666666666667,
        "ms_mean": 53.733333333333334,
        "gain_pct": 1.3463892288861705
      },
      "2": {
        "sabre_mean": 51.93333333333333,
        "ms_mean": 53.6,
        "gain_pct": -3.2092426187419862
      },
      "3": {
        "sabre_mean": 51.2,
        "ms_mean": 53.333333333333336,
        "gain_pct": -4.166666666666665
      },
      "5": {
        "sabre_mean": 51.13333333333333,
        "ms_mean": 53.333333333333336,
        "gain_pct": -4.302477183833122
      },
      "8": {
        "sabre_mean": 50.8,
        "ms_mean": 53.06666666666667,
        "gain_pct": -4.46194225721786
      },
      "10": {
        "sabre_mean": 50.46666666666667,
        "ms_mean": 53.06666666666667,
        "gain_pct": -5.151915455746369
      },
      "15": {
        "sabre_mean": 50.266666666666666,
        "ms_mean": 53.06666666666667,
        "gain_pct": -5.570291777188338
      },
      "20": {
        "sabre_mean": 49.86666666666667,
        "ms_mean": 53.06666666666667,
        "gain_pct": -6.417112299465246
      },
      "30": {
        "sabre_mean": 49.8,
        "ms_mean": 53.06666666666667,
        "gain_pct": -6.559571619812597
      },
      "50": {
        "sabre_mean": 49.8,
        "ms_mean": 53.06666666666667,
        "gain_pct": -6.559571619812597
      }
    }
  },
  "grid4x4/qft/lam0.05": {
    "topology": "grid4x4",
    "family": "qft",
    "lambda": 0.05,
    "n_circuits": 30,
    "k_results": {
      "1": {
        "sabre_mean": 290.0,
        "ms_mean": 215.26666666666668,
        "gain_pct": 25.770114942528732
      },
      "2": {
        "sabre_mean": 265.1333333333333,
        "ms_mean": 204.26666666666668,
        "gain_pct": 22.95700276590394
      },
      "3": {
        "sabre_mean": 256.73333333333335,
        "ms_mean": 197.13333333333333,
        "gain_pct": 23.21474941573618
      },
      "5": {
        "sabre_mean": 249.4,
        "ms_mean": 193.93333333333334,
        "gain_pct": 22.240042769313018
      },
      "8": {
        "sabre_mean": 241.6,
        "ms_mean": 188.6,
        "gain_pct": 21.937086092715234
      },
      "10": {
        "sabre_mean": 240.86666666666667,
        "ms_mean": 185.66666666666666,
        "gain_pct": 22.91724328812622
      },
      "15": {
        "sabre_mean": 236.13333333333333,
        "ms_mean": 183.2,
        "gain_pct": 22.41671372106155
      },
      "20": {
        "sabre_mean": 232.06666666666666,
        "ms_mean": 182.8,
        "gain_pct": 21.22953174375179
      },
      "30": {
        "sabre_mean": 230.53333333333333,
        "ms_mean": 180.6,
        "gain_pct": 21.659919028340084
      },
      "50": {
        "sabre_mean": 225.4,
        "ms_mean": 178.8,
        "gain_pct": 20.674356699201415
      }
    }
  },
  "grid4x4/parallel/lam0.05": {
    "topology": "grid4x4",
    "family": "parallel",
    "lambda": 0.05,
    "n_circuits": 30,
    "k_results": {
      "1": {
        "sabre_mean": 69.8,
        "ms_mean": 55.6,
        "gain_pct": 20.343839541547272
      },
      "2": {
        "sabre_mean": 65.66666666666667,
        "ms_mean": 52.266666666666666,
        "gain_pct": 20.406091370558382
      },
      "3": {
        "sabre_mean": 63.93333333333333,
        "ms_mean": 50.86666666666667,
        "gain_pct": 20.437956204379557
      },
      "5": {
        "sabre_mean": 61.333333333333336,
        "ms_mean": 50.266666666666666,
        "gain_pct": 18.04347826086957
      },
      "8": {
        "sabre_mean": 59.86666666666667,