{
  "ae/linear7": {
    "family": "ae",
    "topology": "linear7",
    "n_qubits": 7,
    "prod_makespan": 224,
    "prod_esp": 0.4686942816809418,
    "rule_lambda": 0.1,
    "rule_makespan": 166,
    "rule_esp": 0.5506956459057367,
    "oracle_lambda": 0.005,
    "oracle_makespan": 166,
    "oracle_esp": 0.5506956459057367,
    "rule_mks_red": 25.892857142857142,
    "oracle_mks_red": 25.892857142857142,
    "rule_esp_ratio": 1.1749570400788811,
    "oracle_esp_ratio": 1.1749570400788811
  },
  "ae/ring8": {
    "family": "ae",
    "topology": "ring8",
    "n_qubits": 8,
    "prod_makespan": 247,
    "prod_esp": 0.38687788456129973,
    "rule_lambda": 0.25,
    "rule_makespan": 176,
    "rule_esp": 0.47740617288003534,
    "oracle_lambda": 0.25,
    "oracle_makespan": 176,
    "oracle_esp": 0.47740617288003534,
    "rule_mks_red": 28.74493927125506,
    "oracle_mks_red": 28.74493927125506,
    "rule_esp_ratio": 1.2339970619447276,
    "oracle_esp_ratio": 1.2339970619447276
  },
  "ae/grid3x3": {
    "family": "ae",
    "topology": "grid3x3",
    "n_qubits": 9,
    "prod_makespan": 248,
    "prod_esp": 0.3449248015243753,
    "rule_lambda": 0.25,
    "rule_makespan": 213,
    "rule_esp": 0.35861317365618195,
    "oracle_lambda": 0.25,
    "oracle_makespan": 213,
    "oracle_esp": 0.35861317365618195,
    "rule_mks_red": 14.112903225806452,
    "oracle_mks_red": 14.112903225806452,
    "rule_esp_ratio": 1.039685090985953,
    "oracle_esp_ratio": 1.039685090985953
  },
  "ae/ring12": {
    "family": "ae",
    "topology": "ring12",
    "n_qubits": 12,
    "prod_makespan": 514,
    "prod_esp": 0.05024139480863241,
    "rule_lambda": 0.005,
    "rule_makespan": 316,
    "rule_esp": 0.14631748056163607,
    "oracle_lambda": 0.25,
    "oracle_makespan": 311,
    "oracle_esp": 0.14176163431810665,
    "rule_mks_red": 38.521400778210115,
    "oracle_mks_red": 39.494163424124515,
    "rule_esp_ratio": 2.9122893804790624,
    "oracle_esp_ratio": 2.821610245059306
  },
  "ae/heavy_hex2": {
    "family": "ae",
    "topology": "heavy_hex2",
    "n_qubits": 14,
    "prod_makespan": 615,
    "prod_esp": 0.017201001029466857,
    "rule_lambda": 0.01,
    "rule_makespan": 444,
    "rule_esp": 0.048386048943563686,
    "oracle_lambda": 0.005,
    "oracle_makespan": 415,
    "oracle_esp": 0.0603212795982972,
    "rule_mks_red": 27.804878048780488,
    "oracle_mks_red": 32.520325203252035,
    "rule_esp_ratio": 2.812978666803987,
    "oracle_esp_ratio": 3.5068470430855414
  },
  "ae/grid4x4": {
    "family": "ae",
    "topology": "grid4x4",
    "n_qubits": 16,
    "prod_makespan": 654,
    "prod_esp": 0.007810381105022153,
    "rule_lambda": 0.1,
    "rule_makespan": 529,
    "rule_esp": 0.01543512624176326,
    "oracle_lambda": 0.005,
    "oracle_makespan": 519,
    "oracle_esp": 0.018184057666822386,
    "rule_mks_red": 19.1131498470948,
    "oracle_mks_red": 20.642201834862384,
    "rule_esp_ratio": 1.976232149777982,
    "oracle_esp_ratio": 2.328190829910957
  },
  "qaoa/linear7": {
    "family": "qaoa",
    "topology": "linear7",
    "n_qubits": 7,
    "prod_makespan": 185,
    "prod_esp": 0.5151227334787697,
    "rule_lambda": 0.25,
    "rule_makespan": 171,
    "rule_esp": 0.532834779546102,
    "oracle_lambda": 0.005,
    "oracle_makespan": 161,
    "oracle_esp": 0.5502839135794864,
    "rule_mks_red": 7.5675675675675675,
    "oracle_mks_red": 12.972972972972974,
    "rule_esp_ratio": 1.0343841281236374,
    "oracle_esp_ratio": 1.0682578690776532
  },
  "qaoa/ring8": {
    "family": "qaoa",
    "topology": "ring8",
    "n_qubits": 8,
    "prod_makespan": 174,
    "prod_esp": 0.4975186395532428,
    "rule_lambda": 0.25,
    "rule_makespan": 172,
    "rule_esp": 0.4736406651266601,
    "oracle_lambda": 0.1,
    "oracle_makespan": 170,
    "oracle_esp": 0.49093307713901224,
    "rule_mks_red": 1.1494252873563218,
    "oracle_mks_red": 2.2988505747126435,
    "rule_esp_ratio": 0.9520058696734971,
    "oracle_esp_ratio": 0.9867631845509462
  },
  "qaoa/grid3x3": {
    "family": "qaoa",
    "topology": "grid3x3",
    "n_qubits": 9,
    "prod_makespan": 222,
    "prod_esp": 0.386889083929042,
    "rule_lambda": 0.005,
    "rule_makespan": 182,
    "rule_esp": 0.4364693723696245,
    "oracle_lambda": 0.005,
    "oracle_makespan": 182,
    "oracle_esp": 0.4364693723696245,
    "rule_mks_red": 18.01801801801802,
    "oracle_mks_red": 18.01801801801802,
    "rule_esp_ratio": 1.128151169159572,
    "oracle_esp_ratio": 1.128151169159572
  },
  "qaoa/ring12": {
    "family": "qaoa",
    "topology": "ring12",
    "n_qubits": 12,
    "prod_makespan": 378,
    "prod_esp": 0.10041648461875798,
    "rule_lambda": 0.02,
    "rule_makespan": 302,
    "rule_esp": 0.1495890398131237,
    "oracle_lambda": 0.005,
    "oracle_makespan": 302,
    "oracle_esp": 0.1495890398131237,
    "rule_mks_red": 20.105820105820104,
    "oracle_mks_red": 20.105820105820104,
    "rule_esp_ratio": 1.4896860847205977,
    "oracle_esp_ratio": 1.4896860847205977
  },
  "qaoa/heavy_hex2": {
    "family": "qaoa",
    "topology": "heavy_hex2",
    "n_qubits": 14,
    "prod_makespan": 479,
    "prod_esp": 0.03785199980863355,
    "rule_lambda": 0.1,
    "rule_makespan": 435,
    "rule_esp": 0.04409902598041845,
    "oracle_lambda": 0.01,
    "oracle_makespan": 426,
    "oracle_esp": 0.050958938417007583,
    "rule_mks_red": 9.18580375782881,
    "oracle_mks_red": 11.064718162839249,
    "rule_esp_ratio": 1.1650382067887475,
    "oracle_esp_ratio": 1.3462680617837397
  },
  "qaoa/grid4x4": {
    "family": "qaoa",
    "topology": "grid4x4",
    "n_qubits": 16,
    "prod_makespan": 514,
    "prod_esp": 0.020629946844854263,
    "rule_lambda": 0.1,
    "rule_makespan": 388,
    "rule_esp": 0.039742563679494275,
    "oracle_lambda": 0.1,
    "oracle_makespan": 388,
    "oracle_esp": 0.039742563679494275,
    "rule_mks_red": 24.513618677042803,
    "oracle_mks_red": 24.513618677042803,
    "rule_esp_ratio": 1.9264501250718093,
    "oracle_esp_ratio": 1.9264501250718093
  },
  "qft/linear7": {
    "family": "qft",
    "topology": "linear7",
    "n_qubits": 7,
    "prod_makespan": 138,
    "prod_esp": 0.620544860741209,
    "rule_lambda": 0.1,
    "rule_makespan": 116,
    "rule_esp": 0.6683025640781912,
    "oracle_lambda": 0.005,
    "oracle_makespan": 116,
    "oracle_esp": 0.6683025640781912,
    "rule_mks_red": 15.942028985507246,
    "oracle_mks_red": 15.942028985507246,
    "rule_esp_ratio": 1.076960919924368,
    "oracle_esp_ratio": 1.076960919924368
  },
  "qft/ring8": {
    "family": "qft",
    "topology": "ring8",
    "n_qubits": 8,
    "prod_makespan": 165,
    "prod_esp": 0.5175462400798888,
    "rule_lambda": 0.25,
    "rule_makespan": 127,
    "rule_esp": 0.6071354442903393,
    "oracle_lambda": 0.005,
    "oracle_makespan": 127,
    "oracle_esp": 0.6071354442903393,
    "rule_mks_red": 23.03030303030303,
    "oracle_mks_red": 23.03030303030303,
    "rule_esp_ratio": 1.1731037678809557,
    "oracle_esp_ratio": 1.1731037678809557
  },
  "qft/grid3x3": {
    "family": "qft",
    "topology": "grid3x3",
    "n_qubits": 9,
    "prod_makespan": 207,
    "prod_esp": 0.40934070837424696,
    "rule_lambda": 0.25,
    "rule_makespan": 173,
    "rule_esp": 0.44507944732975485,
    "oracle_lambda": 0.1,
    "oracle_makespan": 164,
    "oracle_esp": 0.47073280947231766,
    "rule_mks_red": 16.42512077294686,
    "oracle_mks_red": 20.77294685990338,
    "rule_esp_ratio": 1.0873080498087992,
    "oracle_esp_ratio": 1.1499780008245402
  },
  "qft/ring12": {
    "family": "qft",
    "topology": "ring12",
    "n_qubits": 12,
    "prod_makespan": 388,
    "prod_esp": 0.09996703029791838,
    "rule_lambda": 0.005,
    "rule_makespan": 245,
    "rule_esp": 0.2269765980318386,
    "oracle_lambda": 0.005,
    "oracle_makespan": 245,
    "oracle_esp": 0.2269765980318386,
    "rule_mks_red": 36.855670103092784,
    "oracle_mks_red": 36.855670103092784,
    "rule_esp_ratio": 2.2705145622052645,