{
  "ring12/qft": {
    "oracle_lambda": 0.25,
    "results": {
      "0.01": {
        "lambda": 0.01,
        "mean_sabre": 216.13333333333333,
        "mean_ms": 119.6,
        "gain_pct": 44.66378778531771
      },
      "0.02": {
        "lambda": 0.02,
        "mean_sabre": 216.13333333333333,
        "mean_ms": 105.8,
        "gain_pct": 51.048735348550274
      },
      "0.05": {
        "lambda": 0.05,
        "mean_sabre": 216.13333333333333,
        "mean_ms": 101.6,
        "gain_pct": 52.99198025909933
      },
      "0.1": {
        "lambda": 0.1,
        "mean_sabre": 216.13333333333333,
        "mean_ms": 95.2,
        "gain_pct": 55.95311536088834
      },
      "0.15": {
        "lambda": 0.15,
        "mean_sabre": 216.13333333333333,
        "mean_ms": 98.4,
        "gain_pct": 54.47254780999383
      },
      "0.2": {
        "lambda": 0.2,
        "mean_sabre": 216.13333333333333,
        "mean_ms": 112.73333333333333,
        "gain_pct": 47.84083898827884
      },
      "0.25": {
        "lambda": 0.25,
        "mean_sabre": 216.13333333333333,
        "mean_ms": 91.93333333333334,
        "gain_pct": 57.46452806909315
      },
      "0.35": {
        "lambda": 0.35,
        "mean_sabre": 216.13333333333333,
        "mean_ms": 185.73333333333332,
        "gain_pct": 14.065391733497844
      },
      "0.5": {
        "lambda": 0.5,
        "mean_sabre": 216.13333333333333,
        "mean_ms": 173.6,
        "gain_pct": 19.679210363972857
      },
      "1.0": {
        "lambda": 1.0,
        "mean_sabre": 216.13333333333333,
        "mean_ms": 188.86666666666667,
        "gain_pct": 12.615669339913627
      }
    }
  },
  "grid4x4/qft": {
    "oracle_lambda": 0.05,
    "results": {
      "0.01": {
        "lambda": 0.01,
        "mean_sabre": 249.33333333333334,
        "mean_ms": 194.4,
        "gain_pct": 22.03208556149733
      },
      "0.02": {
        "lambda": 0.02,
        "mean_sabre": 249.33333333333334,
        "mean_ms": 184.66666666666666,
        "gain_pct": 25.935828877005356
      },
      "0.05": {
        "lambda": 0.05,
        "mean_sabre": 249.33333333333334,
        "mean_ms": 182.8,
        "gain_pct": 26.684491978609625
      },
      "0.1": {
        "lambda": 0.1,
        "mean_sabre": 249.33333333333334,
        "mean_ms": 189.86666666666667,
        "gain_pct": 23.850267379679146
      },
      "0.15": {
        "lambda": 0.15,
        "mean_sabre": 249.33333333333334,
        "mean_ms": 209.66666666666666,
        "gain_pct": 15.909090909090917
      },
      "0.2": {
        "lambda": 0.2,
        "mean_sabre": 249.33333333333334,
        "mean_ms": 215.46666666666667,
        "gain_pct": 13.582887700534762
      },
      "0.25": {
        "lambda": 0.25,
        "mean_sabre": 249.33333333333334,
        "mean_ms": 232.4,
        "gain_pct": 6.791443850267381
      },
      "0.35": {
        "lambda": 0.35,
        "mean_sabre": 249.33333333333334,
        "mean_ms": 246.2,
        "gain_pct": 1.256684491978618
      },
      "0.5": {
        "lambda": 0.5,
        "mean_sabre": 249.33333333333334,
        "mean_ms": 247.86666666666667,
        "gain_pct": 0.5882352941176477
      }
    }
  },
  "ring12/random": {
    "oracle_lambda": 0.1,
    "results": {
      "0.01": {
        "lambda": 0.01,
        "mean_sabre": 95.8,
        "mean_ms": 89.73333333333333,
        "gain_pct": 6.332637439109251
      },
      "0.02": {
        "lambda": 0.02,
        "mean_sabre": 95.8,
        "mean_ms": 88.2,
        "gain_pct": 7.933194154488512
      },
      "0.05": {
        "lambda": 0.05,
        "mean_sabre": 95.8,
        "mean_ms": 84.53333333333333,
        "gain_pct": 11.760612386917188
      },
      "0.1": {
        "lambda": 0.1,
        "mean_sabre": 95.8,
        "mean_ms": 82.86666666666666,
        "gain_pct": 13.500347947112044
      },
      "0.15": {
        "lambda": 0.15,
        "mean_sabre": 95.8,
        "mean_ms": 86.53333333333333,
        "gain_pct": 9.672929714683367
      },
      "0.2": {
        "lambda": 0.2,
        "mean_sabre": 95.8,
        "mean_ms": 85.33333333333333,
        "gain_pct": 10.925539318023663
      },
      "0.25": {
        "lambda": 0.25,
        "mean_sabre": 95.8,
        "mean_ms": 85.53333333333333,
        "gain_pct": 10.716771050800277
      },
      "0.35": {
        "lambda": 0.35,
        "mean_sabre": 95.8,
        "mean_ms": 88.8,
        "gain_pct": 7.306889352818372
      },
      "0.5": {
        "lambda": 0.5,
        "mean_sabre": 95.8,
        "mean_ms": 92.06666666666666,
        "gain_pct": 3.897007654836466
      }
    }
  }
}