{
  "ae/linear7": {
    "family": "ae",
    "topology": "linear7",
    "n_qubits": 7,
    "train_lambda": 0.25,
    "rule_lambda": 0.1,
    "test_prod_makespan": 227.8,
    "heldout_mks_red": 22.783143107989467,
    "rule_mks_red": 21.37840210711151,
    "heldout_esp_ratio": 1.1618918329545704,
    "rule_esp_ratio": 1.150669148914159
  },
  "ae/ring8": {
    "family": "ae",
    "topology": "ring8",
    "n_qubits": 8,
    "train_lambda": 0.25,
    "rule_lambda": 0.25,
    "test_prod_makespan": 277.8,
    "heldout_mks_red": 30.705543556515483,
    "rule_mks_red": 30.705543556515483,
    "heldout_esp_ratio": 1.3279585452332987,
    "rule_esp_ratio": 1.3279585452332987
  },
  "ae/grid3x3": {
    "family": "ae",
    "topology": "grid3x3",
    "n_qubits": 9,
    "train_lambda": 0.25,
    "rule_lambda": 0.25,
    "test_prod_makespan": 284.2,
    "heldout_mks_red": 17.382125263898658,
    "rule_mks_red": 17.382125263898658,
    "heldout_esp_ratio": 1.1458201135898143,
    "rule_esp_ratio": 1.1458201135898143
  },
  "ae/ring12": {
    "family": "ae",
    "topology": "ring12",
    "n_qubits": 12,
    "train_lambda": 0.1,
    "rule_lambda": 0.005,
    "test_prod_makespan": 622.2,
    "heldout_mks_red": 44.56766313082611,
    "rule_mks_red": 45.51591128254581,
    "heldout_esp_ratio": 4.532108068901366,
    "rule_esp_ratio": 4.766689968926795
  },
  "ae/heavy_hex2": {
    "family": "ae",
    "topology": "heavy_hex2",
    "n_qubits": 14,
    "train_lambda": 0.005,
    "rule_lambda": 0.01,
    "test_prod_makespan": 681.9,
    "heldout_mks_red": 22.26132864056313,
    "rule_mks_red": 19.90027863323067,
    "heldout_esp_ratio": 2.3738973879983716,
    "rule_esp_ratio": 2.0262557823420853
  },
  "ae/grid4x4": {
    "family": "ae",
    "topology": "grid4x4",
    "n_qubits": 16,
    "train_lambda": 0.25,
    "rule_lambda": 0.1,
    "test_prod_makespan": 771.2,
    "heldout_mks_red": 22.44553941908714,
    "rule_mks_red": 23.327282157676358,
    "heldout_esp_ratio": 2.1774687309211043,
    "rule_esp_ratio": 2.5499753156900145
  },
  "qaoa/linear7": {
    "family": "qaoa",
    "topology": "linear7",
    "n_qubits": 7,
    "train_lambda": 0.1,
    "rule_lambda": 0.25,
    "test_prod_makespan": 181.5,
    "heldout_mks_red": 8.925619834710737,
    "rule_mks_red": 5.123966942148766,
    "heldout_esp_ratio": 1.0401492899686726,
    "rule_esp_ratio": 1.0136847266616795
  },
  "qaoa/ring8": {
    "family": "qaoa",
    "topology": "ring8",
    "n_qubits": 8,
    "train_lambda": 0.1,
    "rule_lambda": 0.25,
    "test_prod_makespan": 174.3,
    "heldout_mks_red": -0.05737234652896977,
    "rule_mks_red": 0.17211703958692562,
    "heldout_esp_ratio": 0.9786209099845742,
    "rule_esp_ratio": 0.9651331534701695
  },
  "qaoa/grid3x3": {
    "family": "qaoa",
    "topology": "grid3x3",
    "n_qubits": 9,
    "train_lambda": 0.1,
    "rule_lambda": 0.005,
    "test_prod_makespan": 206.8,
    "heldout_mks_red": 0.9187620889748577,
    "rule_mks_red": 2.5628626692456535,
    "heldout_esp_ratio": 0.9723370058762675,
    "rule_esp_ratio": 0.9991869645819043
  },
  "qaoa/ring12": {
    "family": "qaoa",
    "topology": "ring12",
    "n_qubits": 12,
    "train_lambda": 0.02,
    "rule_lambda": 0.02,
    "test_prod_makespan": 483.5,
    "heldout_mks_red": 23.412616339193377,
    "rule_mks_red": 23.412616339193377,
    "heldout_esp_ratio": 1.713179960768681,
    "rule_esp_ratio": 1.713179960768681
  },
  "qaoa/heavy_hex2": {
    "family": "qaoa",
    "topology": "heavy_hex2",
    "n_qubits": 14,
    "train_lambda": 0.02,
    "rule_lambda": 0.1,
    "test_prod_makespan": 616.0,
    "heldout_mks_red": 12.678571428571432,
    "rule_mks_red": 12.922077922077925,
    "heldout_esp_ratio": 1.3845531008069045,
    "rule_esp_ratio": 1.2660098215341316
  },
  "qaoa/grid4x4": {
    "family": "qaoa",
    "topology": "grid4x4",
    "n_qubits": 16,
    "train_lambda": 0.1,
    "rule_lambda": 0.1,
    "test_prod_makespan": 577.1,
    "heldout_mks_red": 23.167561947669387,
    "rule_mks_red": 23.167561947669387,
    "heldout_esp_ratio": 1.8695174741347378,
    "rule_esp_ratio": 1.8695174741347378
  },
  "qft/linear7": {
    "family": "qft",
    "topology": "linear7",
    "n_qubits": 7,
    "train_lambda": 0.005,
    "rule_lambda": 0.1,
    "test_prod_makespan": 141.1,
    "heldout_mks_red": 16.72572643515237,
    "rule_mks_red": 16.72572643515237,
    "heldout_esp_ratio": 1.0821312301115034,
    "rule_esp_ratio": 1.0821312301115034
  },
  "qft/ring8": {
    "family": "qft",
    "topology": "ring8",
    "n_qubits": 8,
    "train_lambda": 0.25,
    "rule_lambda": 0.25,
    "test_prod_makespan": 182.8,
    "heldout_mks_red": 27.899343544857768,
    "rule_mks_red": 27.899343544857768,
    "heldout_esp_ratio": 1.2194780046290292,
    "rule_esp_ratio": 1.2194780046290292
  },
  "qft/grid3x3": {
    "family": "qft",
    "topology": "grid3x3",
    "n_qubits": 9,
    "train_lambda": 0.25,
    "rule_lambda": 0.25,
    "test_prod_makespan": 238.0,
    "heldout_mks_red": 22.310924369747895,
    "rule_mks_red": 22.310924369747895,
    "heldout_esp_ratio": 1.1813460259223074,
    "rule_esp_ratio": 1.1813460259223074
  },
  "qft/ring12": {
    "family": "qft",
    "topology": "ring12",
    "n_qubits": 12,
    "train_lambda": 0.01,
    "rule_lambda": 0.005,
    "test_prod_makespan": 422.9,
    "heldout_mks_red": 45.89737526602033,
    "rule_mks_red": 45.89737526602033,
    "heldout_esp_ratio": 3.0753278135640367,
    "rule_esp_ratio": 3.0753278135640367
  },
  "qft/heavy_hex2": {
    "family": "qft",
    "topology": "heavy_hex2",
    "n_qubits": 14,
    "train_lambda": 0.1,
    "rule_lambda": 0.01,
    "test_prod_makespan": 429.1,
    "heldout_mks_red": 4.21813097180145,
    "rule_mks_red": 9.974364949895131,
    "heldout_esp_ratio": 0.974598882275258,
    "rule_esp_ratio": 1.2117305468166715
  },
  "qft/grid4x4": {
    "family": "qft",
    "topology": "grid4x4",
    "n_qubits": 16,
    "train_lambda": 0.05,
    "rule_lambda": 0.1,
    "test_prod_makespan": 560.2,
    "heldout_mks_red": 11.353088182791863,
    "rule_mks_red": 12.102820421278127,
    "heldout_esp_ratio": 1.2656112927441276,
    "rule_esp_ratio": 1.2477038735889634
  },
  "qpeexact/linear7": {
    "family": "qpeexact",
    "topology": "linear7",
    "n_qubits": 7,
    "train_lambda": 0.25,
    "rule_lambda": 0.1,
    "test_prod_makespan": 165.6,
    "heldout_mks_red": 19.32367149758454,
    "rule_mks_red": 16.545893719806767,
    "heldout_esp_ratio": 1.1029913525267176,
    "rule_esp_ratio": 1.0839048952884878
  },
  "qpeexact/ring8": {
    "family": "qpeexact",
    "topology": "ring8",
    "n_qubits": 8,
    "train_lambda": 0.25,
    "rule_lambda": 0.25,
    "test_prod_makespan": 244.9,
    "heldout_mks_red": 28.54226214781544,
    "rule_mks_red": 28.54226214781544,
    "heldout_esp_ratio": 1.2703012612257718,
    "rule_esp_ratio": 1.2703012612257718
  },
  "qpeexact/grid3x3": {
    "family": "qpeexact",
    "topology": "grid3x3",
    "n_qubits": 9,
    "train_lambda": 0.01,
    "rule_lambda": 0.25,
    "test_prod_makespan": 269.0,
    "heldout_mks_red": 20.483271375464682,
    "rule_mks_red": 22.23048327137547,
    "heldout_esp_ratio": 1.2013939533065356,
    "rule_esp_ratio": 1.1882177194935855
  },
  "qpeexact/ring12": {
    "family": "qpeexact",
    "topology": "ring12",
    "n_qubits": 12,
    "train_lambda": 0.1,
    "rule_lambda": 0.005,
    "test_prod_makespan": 551.8,
    "heldout_mks_red": 43.29467198260239,
    "rule_mks_red": 42.98658934396519,
    "heldout_esp_ratio": 3.3314240840812652,
    "rule_esp_ratio": 3.3123084238416247
  },
  "qpeexact/heavy_hex2": {
    "family": "qpeexact",
    "topology": "heavy_hex2",
    "n_qubits": 14,
    "train_lambda": 0.05,
    "rule_lambda": 0.01,
    "test_prod_makespan": 495.8,
    "heldout_mks_red": 7.664380798709157,
    "rule_mks_red": 8.793868495361036,
    "heldout_esp_ratio": 1.1429485617067487,
    "rule_esp_ratio": 1.234493901084051
  },
  "qpeexact/grid4x4": {
    "family": "qpeexact",