{
  "linear9/qft": {
    "topology": "linear9",
    "family": "qft",
    "sabre_baseline": 96.3,
    "lambdas": {
      "0.0": {
        "mean_mks": 71.33333333333333,
        "reduction_pct": 25.92592592592593
      },
      "0.02": {
        "mean_mks": 71.33333333333333,
        "reduction_pct": 25.92592592592593
      },
      "0.05": {
        "mean_mks": 71.33333333333333,
        "reduction_pct": 25.92592592592593
      },
      "0.1": {
        "mean_mks": 69.66666666666667,
        "reduction_pct": 27.656628591208023
      },
      "0.15": {
        "mean_mks": 74.83333333333333,
        "reduction_pct": 22.29145032883351
      },
      "0.2": {
        "mean_mks": 87.23333333333333,
        "reduction_pct": 9.415022499134645
      },
      "0.25": {
        "mean_mks": 63.5,
        "reduction_pct": 34.060228452751815
      },
      "0.35": {
        "mean_mks": 139.86666666666667,
        "reduction_pct": -45.24056767047423
      },
      "0.5": {
        "mean_mks": 114.73333333333333,
        "reduction_pct": -19.14157147802008
      },
      "0.75": {
        "mean_mks": 97.96666666666667,
        "reduction_pct": -1.7307026652821096
      },
      "1.0": {
        "mean_mks": 97.96666666666667,
        "reduction_pct": -1.7307026652821096
      }
    },
    "optimal_lambda": 0.25,
    "optimal_gain_pct": 34.060228452751815
  },
  "linear9/parallel": {
    "topology": "linear9",
    "family": "parallel",
    "sabre_baseline": 53.1,
    "lambdas": {
      "0.0": {
        "mean_mks": 50.13333333333333,
        "reduction_pct": 5.5869428750784715
      },
      "0.02": {
        "mean_mks": 51.86666666666667,
        "reduction_pct": 2.3226616446955446
      },
      "0.05": {
        "mean_mks": 51.46666666666667,
        "reduction_pct": 3.075957313245448
      },
      "0.1": {
        "mean_mks": 52.3,
        "reduction_pct": 1.5065913370998196
      },
      "0.15": {
        "mean_mks": 54.46666666666667,
        "reduction_pct": -2.5737602008788456
      },
      "0.2": {
        "mean_mks": 55.06666666666667,
        "reduction_pct": -3.7037037037037073
      },
      "0.25": {
        "mean_mks": 55.06666666666667,
        "reduction_pct": -3.7037037037037073
      },
      "0.35": {
        "mean_mks": 58.03333333333333,
        "reduction_pct": -9.290646578782166
      },
      "0.5": {
        "mean_mks": 59.63333333333333,
        "reduction_pct": -12.303829252981792
      },
      "0.75": {
        "mean_mks": 60.13333333333333,
        "reduction_pct": -13.245448838669173
      },
      "1.0": {
        "mean_mks": 61.63333333333333,
        "reduction_pct": -16.07030759573132
      }
    },
    "optimal_lambda": 0.0,
    "optimal_gain_pct": 5.5869428750784715
  },
  "linear9/random": {
    "topology": "linear9",
    "family": "random",
    "sabre_baseline": 115.46666666666667,
    "lambdas": {
      "0.0": {
        "mean_mks": 109.43333333333334,
        "reduction_pct": 5.225173210161661
      },
      "0.02": {
        "mean_mks": 106.3,
        "reduction_pct": 7.938799076212476
      },
      "0.05": {
        "mean_mks": 101.46666666666667,
        "reduction_pct": 12.124711316397228
      },
      "0.1": {
        "mean_mks": 102.36666666666666,
        "reduction_pct": 11.345265588914557
      },
      "0.15": {
        "mean_mks": 103.7,
        "reduction_pct": 10.190531177829097
      },
      "0.2": {
        "mean_mks": 104.3,
        "reduction_pct": 9.67090069284065
      },
      "0.25": {
        "mean_mks": 105.46666666666667,
        "reduction_pct": 8.660508083140877
      },
      "0.35": {
        "mean_mks": 112.43333333333334,
        "reduction_pct": 2.627020785219398
      },
      "0.5": {
        "mean_mks": 114.66666666666667,
        "reduction_pct": 0.6928406466512678
      },
      "0.75": {
        "mean_mks": 119.7,
        "reduction_pct": -3.6662817551963056
      },
      "1.0": {
        "mean_mks": 119.83333333333333,
        "reduction_pct": -3.781755196304844
      }
    },
    "optimal_lambda": 0.05,
    "optimal_gain_pct": 12.124711316397228
  },
  "ring8/qft": {
    "topology": "ring8",
    "family": "qft",
    "sabre_baseline": 86.96,
    "lambdas": {
      "0.0": {
        "mean_mks": 73.24,
        "reduction_pct": 15.777368905243792
      },
      "0.02": {
        "mean_mks": 78.12,
        "reduction_pct": 10.165593376264937
      },
      "0.05": {
        "mean_mks": 57.16,
        "reduction_pct": 34.268629254829804
      },
      "0.1": {
        "mean_mks": 66.96,
        "reduction_pct": 22.999080036798528
      },
      "0.15": {
        "mean_mks": 59.84,
        "reduction_pct": 31.186752529898797
      },
      "0.2": {
        "mean_mks": 59.36,
        "reduction_pct": 31.738730450781965
      },
      "0.25": {
        "mean_mks": 53.4,
        "reduction_pct": 38.59245630174793
      },
      "0.35": {
        "mean_mks": 53.52,
        "reduction_pct": 38.45446182152713
      },
      "0.5": {
        "mean_mks": 62.32,
        "reduction_pct": 28.334866605335783
      },
      "0.75": {
        "mean_mks": 69.84,
        "reduction_pct": 19.68721251149953
      },
      "1.0": {
        "mean_mks": 69.84,
        "reduction_pct": 19.68721251149953
      }
    },
    "optimal_lambda": 0.25,
    "optimal_gain_pct": 38.59245630174793
  },
  "ring12/qft": {
    "topology": "ring12",
    "family": "qft",
    "sabre_baseline": 216.55,
    "lambdas": {
      "0.0": {
        "mean_mks": 124.9,
        "reduction_pct": 42.32278919418148
      },
      "0.02": {
        "mean_mks": 107.75,
        "reduction_pct": 50.242438235973225
      },
      "0.05": {
        "mean_mks": 102.9,
        "reduction_pct": 52.48210574924959
      },
      "0.1": {
        "mean_mks": 96.6,
        "reduction_pct": 55.3913645809282
      },
      "0.15": {
        "mean_mks": 100.15,
        "reduction_pct": 53.75202031863311
      },
      "0.2": {
        "mean_mks": 111.65,
        "reduction_pct": 48.44146848302932
      },
      "0.25": {
        "mean_mks": 93.35,
        "reduction_pct": 56.892172708381445
      },
      "0.35": {
        "mean_mks": 188.2,
        "reduction_pct": 13.091664742553693
      },
      "0.5": {
        "mean_mks": 177.55,
        "reduction_pct": 18.009697529438927
      },
      "0.75": {
        "mean_mks": 210.9,
        "reduction_pct": 2.60909720618795
      },
      "1.0": {
        "mean_mks": 191.85,
        "reduction_pct": 11.406141768644662
      }
    },
    "optimal_lambda": 0.25,
    "optimal_gain_pct": 56.892172708381445
  },
  "ring12/parallel": {
    "topology": "ring12",
    "family": "parallel",
    "sabre_baseline": 53.6,
    "lambdas": {
      "0.0": {
        "mean_mks": 52.45,
        "reduction_pct": 2.1455223880596987
      },
      "0.02": {
        "mean_mks": 51.7,
        "reduction_pct": 3.5447761194029823
      },
      "0.05": {
        "mean_mks": 52.15,
        "reduction_pct": 2.7052238805970203
      },
      "0.1": {
        "mean_mks": 54.05,
        "reduction_pct": -0.8395522388059622
      },
      "0.15": {
        "mean_mks": 54.6,
        "reduction_pct": -1.8656716417910448
      },
      "0.2": {
        "mean_mks": 56.55,
        "reduction_pct": -5.503731343283573
      },
      "0.25": {
        "mean_mks": 56.65,
        "reduction_pct": -5.690298507462681
      },
      "0.35": {
        "mean_mks": 60.3,
        "reduction_pct": -12.499999999999991
      },
      "0.5": {
        "mean_mks": 62.6,
        "reduction_pct": -16.791044776119403
      },
      "0.75": {
        "mean_mks": 66.15,
        "reduction_pct": -23.41417910447762
      },
      "1.0": {
        "mean_mks": 66.0,
        "reduction_pct": -23.13432835820895
      }
    },
    "optimal_lambda": 0.02,
    "optimal_gain_pct": 3.5447761194029823
  },
  "ring12/random": {
    "topology": "ring12",
    "family": "random",
    "sabre_baseline": 95.25,
    "lambdas": {
      "0.0": {
        "mean_mks": 88.3,