{
  "ring5/qft": {
    "topology": "ring5",
    "family": "qft",
    "routing_lambda": 0.25,
    "n_qubits": 5,
    "n_circuits": 40,
    "B_baseline_mean": 30.25,
    "configs": {
      "lay_0.0_it_2": {
        "mean_mks": 30.35,
        "gain_vs_B_pct": -0.3305785123966989,
        "p_vs_B": 0.5189228773340281
      },
      "lay_0.0_it_4": {
        "mean_mks": 29.65,
        "gain_vs_B_pct": 1.98347107438017,
        "p_vs_B": 0.1922463029192648
      },
      "lay_0.0_it_8": {
        "mean_mks": 30.05,
        "gain_vs_B_pct": 0.6611570247933861,
        "p_vs_B": 0.39864285048665016
      },
      "lay_0.02_it_2": {
        "mean_mks": 29.45,
        "gain_vs_B_pct": 2.644628099173556,
        "p_vs_B": 0.09304464971218435
      },
      "lay_0.02_it_4": {
        "mean_mks": 28.95,
        "gain_vs_B_pct": 4.2975206611570265,
        "p_vs_B": 0.013420572430752604
      },
      "lay_0.02_it_8": {
        "mean_mks": 29.3,
        "gain_vs_B_pct": 3.1404958677685926,
        "p_vs_B": 0.0440835530786203
      },
      "lay_0.05_it_2": {
        "mean_mks": 29.55,
        "gain_vs_B_pct": 2.314049586776857,
        "p_vs_B": 0.10213633596019056
      },
      "lay_0.05_it_4": {
        "mean_mks": 28.6,
        "gain_vs_B_pct": 5.45454545454545,
        "p_vs_B": 0.0029228072649349693
      },
      "lay_0.05_it_8": {
        "mean_mks": 29.15,
        "gain_vs_B_pct": 3.636363636363641,
        "p_vs_B": 0.04075999502909929
      },
      "lay_0.1_it_2": {
        "mean_mks": 29.5,
        "gain_vs_B_pct": 2.479338842975207,
        "p_vs_B": 0.12847270909824487
      },
      "lay_0.1_it_4": {
        "mean_mks": 28.9,
        "gain_vs_B_pct": 4.462809917355377,
        "p_vs_B": 0.021466020556434904
      },
      "lay_0.1_it_8": {
        "mean_mks": 28.05,
        "gain_vs_B_pct": 7.272727272727271,
        "p_vs_B": 0.002681349215149036
      },
      "lay_0.25_it_2": {
        "mean_mks": 28.55,
        "gain_vs_B_pct": 5.6198347107438,
        "p_vs_B": 0.004639094859440625
      },
      "lay_0.25_it_4": {
        "mean_mks": 27.3,
        "gain_vs_B_pct": 9.752066115702478,
        "p_vs_B": 0.00014063672788819075
      },
      "lay_0.25_it_8": {
        "mean_mks": 26.05,
        "gain_vs_B_pct": 13.884297520661155,
        "p_vs_B": 6.78693686141052e-07
      }
    },
    "best_config": "lay_0.25_it_8",
    "best_gain_vs_B": 13.884297520661155
  },
  "tshape5/qft": {
    "topology": "tshape5",
    "family": "qft",
    "routing_lambda": 0.25,
    "n_qubits": 5,
    "n_circuits": 40,
    "B_baseline_mean": 30.6,
    "configs": {
      "lay_0.0_it_2": {
        "mean_mks": 29.25,
        "gain_vs_B_pct": 4.411764705882358,
        "p_vs_B": 0.018162614913623924
      },
      "lay_0.0_it_4": {
        "mean_mks": 28.85,
        "gain_vs_B_pct": 5.718954248366013,
        "p_vs_B": 0.00018246603600918006
      },
      "lay_0.0_it_8": {
        "mean_mks": 28.65,
        "gain_vs_B_pct": 6.3725490196078525,
        "p_vs_B": 2.190440591894973e-05
      },
      "lay_0.02_it_2": {
        "mean_mks": 29.4,
        "gain_vs_B_pct": 3.9215686274509896,
        "p_vs_B": 0.06331522897380863
      },
      "lay_0.02_it_4": {
        "mean_mks": 28.55,
        "gain_vs_B_pct": 6.69934640522876,
        "p_vs_B": 0.00013436576132313033
      },
      "lay_0.02_it_8": {
        "mean_mks": 28.5,
        "gain_vs_B_pct": 6.86274509803922,
        "p_vs_B": 2.3168767763800424e-05
      },
      "lay_0.05_it_2": {
        "mean_mks": 29.3,
        "gain_vs_B_pct": 4.248366013071897,
        "p_vs_B": 0.04924471637710134
      },
      "lay_0.05_it_4": {
        "mean_mks": 28.45,
        "gain_vs_B_pct": 7.02614379084968,
        "p_vs_B": 8.740496483385595e-05
      },
      "lay_0.05_it_8": {
        "mean_mks": 28.4,
        "gain_vs_B_pct": 7.18954248366014,
        "p_vs_B": 1.5096957790992848e-05
      },
      "lay_0.1_it_2": {
        "mean_mks": 29.4,
        "gain_vs_B_pct": 3.9215686274509896,
        "p_vs_B": 0.05320682386352495
      },
      "lay_0.1_it_4": {
        "mean_mks": 27.7,
        "gain_vs_B_pct": 9.477124183006543,
        "p_vs_B": 9.814270293476054e-06
      },
      "lay_0.1_it_8": {
        "mean_mks": 27.0,
        "gain_vs_B_pct": 11.764705882352944,
        "p_vs_B": 1.6428318364539926e-07
      },
      "lay_0.25_it_2": {
        "mean_mks": 29.25,
        "gain_vs_B_pct": 4.411764705882358,
        "p_vs_B": 0.031023139181329228
      },
      "lay_0.25_it_4": {
        "mean_mks": 27.45,
        "gain_vs_B_pct": 10.294117647058831,
        "p_vs_B": 4.01685846868452e-06
      },
      "lay_0.25_it_8": {
        "mean_mks": 26.9,
        "gain_vs_B_pct": 12.091503267973865,
        "p_vs_B": 1.5876172516812464e-07
      }
    },
    "best_config": "lay_0.25_it_8",
    "best_gain_vs_B": 12.091503267973865
  },
  "linear7/qft": {
    "topology": "linear7",
    "family": "qft",
    "routing_lambda": 0.25,
    "n_qubits": 7,
    "n_circuits": 30,
    "B_baseline_mean": 46.4,
    "configs": {
      "lay_0.0_it_2": {
        "mean_mks": 48.0,
        "gain_vs_B_pct": -3.448275862068969,
        "p_vs_B": 0.410766586854067
      },
      "lay_0.0_it_4": {
        "mean_mks": 43.06666666666667,
        "gain_vs_B_pct": 7.1839080459770015,
        "p_vs_B": 0.000739585343777605
      },
      "lay_0.0_it_8": {
        "mean_mks": 41.86666666666667,
        "gain_vs_B_pct": 9.770114942528732,
        "p_vs_B": 9.73023554827705e-06
      },
      "lay_0.02_it_2": {
        "mean_mks": 46.46666666666667,
        "gain_vs_B_pct": -0.14367816091954738,
        "p_vs_B": 0.19278276781394188
      },
      "lay_0.02_it_4": {
        "mean_mks": 41.733333333333334,
        "gain_vs_B_pct": 10.05747126436781,
        "p_vs_B": 3.26290080603704e-05
      },
      "lay_0.02_it_8": {
        "mean_mks": 41.733333333333334,
        "gain_vs_B_pct": 10.05747126436781,
        "p_vs_B": 3.26290080603704e-05
      },
      "lay_0.05_it_2": {
        "mean_mks": 51.8,
        "gain_vs_B_pct": -11.637931034482756,
        "p_vs_B": 0.8434035347954006
      },
      "lay_0.05_it_4": {
        "mean_mks": 41.733333333333334,
        "gain_vs_B_pct": 10.05747126436781,
        "p_vs_B": 9.797361924323977e-06
      },
      "lay_0.05_it_8": {
        "mean_mks": 41.733333333333334,
        "gain_vs_B_pct": 10.05747126436781,
        "p_vs_B": 9.797361924323977e-06
      },
      "lay_0.1_it_2": {
        "mean_mks": 48.06666666666667,
        "gain_vs_B_pct": -3.591954022988516,
        "p_vs_B": 0.09869347344274848
      },
      "lay_0.1_it_4": {
        "mean_mks": 41.666666666666664,
        "gain_vs_B_pct": 10.201149425287358,
        "p_vs_B": 2.287045878932076e-05
      },
      "lay_0.1_it_8": {
        "mean_mks": 40.266666666666666,
        "gain_vs_B_pct": 13.2183908045977,
        "p_vs_B": 6.103738657848907e-07
      },
      "lay_0.25_it_2": {
        "mean_mks": 46.13333333333333,
        "gain_vs_B_pct": 0.5747126436781589,
        "p_vs_B": 0.031319176424765026
      },
      "lay_0.25_it_4": {
        "mean_mks": 40.8,
        "gain_vs_B_pct": 12.068965517241383,
        "p_vs_B": 2.4003473972233617e-06
      },
      "lay_0.25_it_8": {
        "mean_mks": 40.4,
        "gain_vs_B_pct": 12.931034482758621,
        "p_vs_B": 1.3930464737611207e-06
      }
    },
    "best_config": "lay_0.1_it_8",
    "best_gain_vs_B": 13.2183908045977
  },
  "ring12/qft": {
    "topology": "ring12",
    "family": "qft",
    "routing_lambda": 0.25,
    "n_qubits": 12,
    "n_circuits": 25,
    "B_baseline_mean": 91.92,
    "configs": {
      "lay_0.0_it_2": {
        "mean_mks": 84.08,
        "gain_vs_B_pct": 8.52915578764143,
        "p_vs_B": 9.861133579267629e-05
      },
      "lay_0.0_it_4": {
        "mean_mks": 83.68,
        "gain_vs_B_pct": 8.964316797214964,
        "p_vs_B": 8.828328308603142e-05
      },
      "lay_0.0_it_8": {
        "mean_mks": 83.44,
        "gain_vs_B_pct": 9.2254134029591,