{
  "ae/grid3x3": {
    "benchmark": "ae",
    "topology": "grid3x3",
    "n_qubits": 9,
    "p1": 251.0,
    "p2": 249.0,
    "p3": 244.0,
    "p4": 244.0,
    "p5": 238.0,
    "gain_P1_to_P2_pct": 0.796812749003984,
    "gain_P1_to_P3_pct": 2.7888446215139444,
    "gain_P1_to_P4_pct": 2.7888446215139444,
    "gain_P1_to_P5_pct": 5.179282868525896
  },
  "ae/grid4x4": {
    "benchmark": "ae",
    "topology": "grid4x4",
    "n_qubits": 16,
    "p1": 647.0,
    "p2": 645.0,
    "p3": 627.0,
    "p4": 642.0,
    "p5": 609.0,
    "gain_P1_to_P2_pct": 0.3091190108191654,
    "gain_P1_to_P3_pct": 3.091190108191654,
    "gain_P1_to_P4_pct": 0.7727975270479135,
    "gain_P1_to_P5_pct": 5.873261205564142
  },
  "ae/linear7": {
    "benchmark": "ae",
    "topology": "linear7",
    "n_qubits": 7,
    "p1": 217.0,
    "p2": 217.0,
    "p3": 213.0,
    "p4": 217.0,
    "p5": 206.0,
    "gain_P1_to_P2_pct": 0.0,
    "gain_P1_to_P3_pct": 1.8433179723502304,
    "gain_P1_to_P4_pct": 0.0,
    "gain_P1_to_P5_pct": 5.0691244239631335
  },
  "ae/ring12": {
    "benchmark": "ae",
    "topology": "ring12",
    "n_qubits": 12,
    "p1": 531.0,
    "p2": 531.0,
    "p3": 506.0,
    "p4": 554.0,
    "p5": 478.0,
    "gain_P1_to_P2_pct": 0.0,
    "gain_P1_to_P3_pct": 4.708097928436912,
    "gain_P1_to_P4_pct": -4.3314500941619585,
    "gain_P1_to_P5_pct": 9.981167608286253
  },
  "ae/ring8": {
    "benchmark": "ae",
    "topology": "ring8",
    "n_qubits": 8,
    "p1": 273.0,
    "p2": 244.0,
    "p3": 240.0,
    "p4": 244.0,
    "p5": 239.0,
    "gain_P1_to_P2_pct": 10.622710622710622,
    "gain_P1_to_P3_pct": 12.087912087912088,
    "gain_P1_to_P4_pct": 10.622710622710622,
    "gain_P1_to_P5_pct": 12.454212454212454
  },
  "ghz/grid3x3": {
    "benchmark": "ghz",
    "topology": "grid3x3",
    "n_qubits": 9,
    "p1": 18.0,
    "p2": 18.0,
    "p3": 18.0,
    "p4": 18.0,
    "p5": 18.0,
    "gain_P1_to_P2_pct": 0.0,
    "gain_P1_to_P3_pct": 0.0,
    "gain_P1_to_P4_pct": 0.0,
    "gain_P1_to_P5_pct": 0.0
  },
  "ghz/grid4x4": {
    "benchmark": "ghz",
    "topology": "grid4x4",
    "n_qubits": 16,
    "p1": 32.0,
    "p2": 32.0,
    "p3": 32.0,
    "p4": 32.0,
    "p5": 32.0,
    "gain_P1_to_P2_pct": 0.0,
    "gain_P1_to_P3_pct": 0.0,
    "gain_P1_to_P4_pct": 0.0,
    "gain_P1_to_P5_pct": 0.0
  },
  "ghz/linear7": {
    "benchmark": "ghz",
    "topology": "linear7",
    "n_qubits": 7,
    "p1": 14.0,
    "p2": 14.0,
    "p3": 14.0,
    "p4": 14.0,
    "p5": 14.0,
    "gain_P1_to_P2_pct": 0.0,
    "gain_P1_to_P3_pct": 0.0,
    "gain_P1_to_P4_pct": 0.0,
    "gain_P1_to_P5_pct": 0.0
  },
  "ghz/ring12": {
    "benchmark": "ghz",
    "topology": "ring12",
    "n_qubits": 12,
    "p1": 24.0,
    "p2": 24.0,
    "p3": 24.0,
    "p4": 24.0,
    "p5": 24.0,
    "gain_P1_to_P2_pct": 0.0,
    "gain_P1_to_P3_pct": 0.0,
    "gain_P1_to_P4_pct": 0.0,
    "gain_P1_to_P5_pct": 0.0
  },
  "ghz/ring8": {
    "benchmark": "ghz",
    "topology": "ring8",
    "n_qubits": 8,
    "p1": 16.0,
    "p2": 16.0,
    "p3": 16.0,
    "p4": 16.0,
    "p5": 16.0,
    "gain_P1_to_P2_pct": 0.0,
    "gain_P1_to_P3_pct": 0.0,
    "gain_P1_to_P4_pct": 0.0,
    "gain_P1_to_P5_pct": 0.0
  },
  "graphstate/grid3x3": {
    "benchmark": "graphstate",
    "topology": "grid3x3",
    "n_qubits": 9,
    "p1": 15.0,
    "p2": 15.0,
    "p3": 15.0,
    "p4": 15.0,
    "p5": 15.0,
    "gain_P1_to_P2_pct": 0.0,
    "gain_P1_to_P3_pct": 0.0,
    "gain_P1_to_P4_pct": 0.0,
    "gain_P1_to_P5_pct": 0.0
  },
  "graphstate/grid4x4": {
    "benchmark": "graphstate",
    "topology": "grid4x4",
    "n_qubits": 16,
    "p1": 18.0,
    "p2": 18.0,
    "p3": 16.0,
    "p4": 18.0,
    "p5": 16.0,
    "gain_P1_to_P2_pct": 0.0,
    "gain_P1_to_P3_pct": 11.11111111111111,
    "gain_P1_to_P4_pct": 0.0,
    "gain_P1_to_P5_pct": 11.11111111111111
  },
  "graphstate/linear7": {
    "benchmark": "graphstate",
    "topology": "linear7",
    "n_qubits": 7,
    "p1": 22.0,
    "p2": 22.0,
    "p3": 22.0,
    "p4": 22.0,
    "p5": 22.0,
    "gain_P1_to_P2_pct": 0.0,
    "gain_P1_to_P3_pct": 0.0,
    "gain_P1_to_P4_pct": 0.0,
    "gain_P1_to_P5_pct": 0.0
  },
  "graphstate/ring12": {
    "benchmark": "graphstate",
    "topology": "ring12",
    "n_qubits": 12,
    "p1": 24.0,
    "p2": 24.0,
    "p3": 22.0,
    "p4": 25.0,
    "p5": 24.0,
    "gain_P1_to_P2_pct": 0.0,
    "gain_P1_to_P3_pct": 8.333333333333334,
    "gain_P1_to_P4_pct": -4.166666666666667,
    "gain_P1_to_P5_pct": 0.0
  },
  "graphstate/ring8": {
    "benchmark": "graphstate",
    "topology": "ring8",
    "n_qubits": 8,
    "p1": 16.0,
    "p2": 16.0,
    "p3": 16.0,
    "p4": 16.0,
    "p5": 16.0,
    "gain_P1_to_P2_pct": 0.0,
    "gain_P1_to_P3_pct": 0.0,
    "gain_P1_to_P4_pct": 0.0,
    "gain_P1_to_P5_pct": 0.0
  },
  "qaoa/grid3x3": {
    "benchmark": "qaoa",
    "topology": "grid3x3",
    "n_qubits": 9,
    "p1": 184.0,
    "p2": 184.0,
    "p3": 181.0,
    "p4": 181.0,
    "p5": 181.0,
    "gain_P1_to_P2_pct": 0.0,
    "gain_P1_to_P3_pct": 1.6304347826086956,
    "gain_P1_to_P4_pct": 1.6304347826086956,
    "gain_P1_to_P5_pct": 1.6304347826086956
  },
  "qaoa/grid4x4": {
    "benchmark": "qaoa",
    "topology": "grid4x4",
    "n_qubits": 16,
    "p1": 448.0,
    "p2": 448.0,
    "p3": 448.0,
    "p4": 490.0,
    "p5": 421.0,
    "gain_P1_to_P2_pct": 0.0,
    "gain_P1_to_P3_pct": 0.0,
    "gain_P1_to_P4_pct": -9.375,
    "gain_P1_to_P5_pct": 6.026785714285714
  },
  "qaoa/linear7": {
    "benchmark": "qaoa",
    "topology": "linear7",
    "n_qubits": 7,
    "p1": 179.0,
    "p2": 179.0,
    "p3": 179.0,
    "p4": 179.0,
    "p5": 170.0,
    "gain_P1_to_P2_pct": 0.0,
    "gain_P1_to_P3_pct": 0.0,
    "gain_P1_to_P4_pct": 0.0,
    "gain_P1_to_P5_pct": 5.027932960893855
  },
  "qaoa/ring12": {
    "benchmark": "qaoa",
    "topology": "ring12",
    "n_qubits": 12,
    "p1": 388.0,
    "p2": 388.0,
    "p3": 378.0,
    "p4": 357.0,
    "p5": 354.0,
    "gain_P1_to_P2_pct": 0.0,
    "gain_P1_to_P3_pct": 2.577319587628866,
    "gain_P1_to_P4_pct": 7.989690721649485,
    "gain_P1_to_P5_pct": 8.762886597938145
  },
  "qaoa/ring8": {
    "benchmark": "qaoa",
    "topology": "ring8",
    "n_qubits": 8,
    "p1": 167.0,
    "p2": 167.0,
    "p3": 167.0,
    "p4": 167.0,
    "p5": 159.0,
    "gain_P1_to_P2_pct": 0.0,
    "gain_P1_to_P3_pct": 0.0,
    "gain_P1_to_P4_pct": 0.0,
    "gain_P1_to_P5_pct": 4.790419161676646
  },
  "qft/grid3x3": {
    "benchmark": "qft",
    "topology": "grid3x3",
    "n_qubits": 9,
    "p1": 236.0,
    "p2": 201.0,
    "p3": 194.0,
    "p4": 195.0,
    "p5": 188.0,
    "gain_P1_to_P2_pct": 14.830508474576272,
    "gain_P1_to_P3_pct": 17.796610169491526,
    "gain_P1_to_P4_pct": 17.372881355932204,
    "gain_P1_to_P5_pct": 20.338983050847457
  },
  "qft/grid4x4": {
    "benchmark": "qft",
    "topology": "grid4x4",
    "n_qubits": 16,
    "p1": 423.0,
    "p2": 423.0,
    "p3": 423.0,
    "p4": 414.0,
    "p5": 400.0,
    "gain_P1_to_P2_pct": 0.0,
    "gain_P1_to_P3_pct": 0.0,
    "gain_P1_to_P4_pct": 2.127659574468085,
    "gain_P1_to_P5_pct": 5.4373522458628845
  },
  "qft/linear7": {
    "benchmark": "qft",
    "topology": "linear7",
    "n_qubits": 7,
    "p1": 138.0,
    "p2": 138.0,
    "p3": 138.0,
    "p4": 138.0,
    "p5": 138.0,
    "gain_P1_to_P2_pct": 0.0,
    "gain_P1_to_P3_pct": 0.0,
    "gain_P1_to_P4_pct": 0.0,
    "gain_P1_to_P5_pct": 0.0
  },
  "qft/ring12": {
    "benchmark": "qft",
    "topology": "ring12",
    "n_qubits": 12,
    "p1": 382.0,
    "p2": 352.0,
    "p3": 352.0,
    "p4": 347.0,
    "p5": 320.0,
    "gain_P1_to_P2_pct": 7.853403141361256,
    "gain_P1_to_P3_pct": 7.853403141361256,
    "gain_P1_to_P4_pct": 9.162303664921465,
    "gain_P1_to_P5_pct": 16.230366492146597
  },
  "qft/ring8": {
    "benchmark": "qft",
    "topology": "ring8",
    "n_qubits": 8,
    "p1": 167.0,
    "p2": 167.0,
    "p3": 165.0,
    "p4": 165.0,
    "p5": 167.0,
    "gain_P1_to_P2_pct": 0.0,
    "gain_P1_to_P3_pct": 1.1976047904191616,