{
  "topology": "linear9",
  "family": "qft",
  "routing_lambda": 0.25,
  "B_baseline_mean": 63.2,
  "configs": {
    "lay_0.0_it_2": {
      "lay_lam": 0.0,
      "n_it": 2,
      "mean_mks": 72.13333333333334,
      "gain_vs_B_pct": -14.135021097046419,
      "p_vs_B": 0.8134008973673037
    },
    "lay_0.0_it_3": {
      "lay_lam": 0.0,
      "n_it": 3,
      "mean_mks": 65.66666666666667,
      "gain_vs_B_pct": -3.902953586497893,
      "p_vs_B": 0.15660096190918732
    },
    "lay_0.0_it_4": {
      "lay_lam": 0.0,
      "n_it": 4,
      "mean_mks": 60.266666666666666,
      "gain_vs_B_pct": 4.64135021097047,
      "p_vs_B": 0.0021192289052665513
    },
    "lay_0.0_it_6": {
      "lay_lam": 0.0,
      "n_it": 6,
      "mean_mks": 58.53333333333333,
      "gain_vs_B_pct": 7.3839662447257455,
      "p_vs_B": 8.335011540559307e-05
    },
    "lay_0.0_it_8": {
      "lay_lam": 0.0,
      "n_it": 8,
      "mean_mks": 58.2,
      "gain_vs_B_pct": 7.911392405063291,
      "p_vs_B": 1.963800573467804e-05
    },
    "lay_0.0_it_12": {
      "lay_lam": 0.0,
      "n_it": 12,
      "mean_mks": 57.46666666666667,
      "gain_vs_B_pct": 9.071729957805909,
      "p_vs_B": 4.559102565373574e-06
    },
    "lay_0.01_it_2": {
      "lay_lam": 0.01,
      "n_it": 2,
      "mean_mks": 66.2,
      "gain_vs_B_pct": -4.746835443037974,
      "p_vs_B": 0.5244010656051132
    },
    "lay_0.01_it_3": {
      "lay_lam": 0.01,
      "n_it": 3,
      "mean_mks": 63.46666666666667,
      "gain_vs_B_pct": -0.42194092827004065,
      "p_vs_B": 0.07259035236684766
    },
    "lay_0.01_it_4": {
      "lay_lam": 0.01,
      "n_it": 4,
      "mean_mks": 62.733333333333334,
      "gain_vs_B_pct": 0.7383966244725768,
      "p_vs_B": 0.01858972617056662
    },
    "lay_0.01_it_6": {
      "lay_lam": 0.01,
      "n_it": 6,
      "mean_mks": 62.733333333333334,
      "gain_vs_B_pct": 0.7383966244725768,
      "p_vs_B": 0.01858972617056662
    },
    "lay_0.01_it_8": {
      "lay_lam": 0.01,
      "n_it": 8,
      "mean_mks": 62.733333333333334,
      "gain_vs_B_pct": 0.7383966244725768,
      "p_vs_B": 0.01858972617056662
    },
    "lay_0.01_it_12": {
      "lay_lam": 0.01,
      "n_it": 12,
      "mean_mks": 62.733333333333334,
      "gain_vs_B_pct": 0.7383966244725768,
      "p_vs_B": 0.01858972617056662
    },
    "lay_0.02_it_2": {
      "lay_lam": 0.02,
      "n_it": 2,
      "mean_mks": 73.53333333333333,
      "gain_vs_B_pct": -16.350210970464126,
      "p_vs_B": 0.9397788905057671
    },
    "lay_0.02_it_3": {
      "lay_lam": 0.02,
      "n_it": 3,
      "mean_mks": 73.26666666666667,
      "gain_vs_B_pct": -15.928270042194086,
      "p_vs_B": 0.9397450626374356
    },
    "lay_0.02_it_4": {
      "lay_lam": 0.02,
      "n_it": 4,
      "mean_mks": 72.93333333333334,
      "gain_vs_B_pct": -15.400843881856542,
      "p_vs_B": 0.9398465571285963
    },
    "lay_0.02_it_6": {
      "lay_lam": 0.02,
      "n_it": 6,
      "mean_mks": 70.8,
      "gain_vs_B_pct": -12.025316455696194,
      "p_vs_B": 0.9017623782316976
    },
    "lay_0.02_it_8": {
      "lay_lam": 0.02,
      "n_it": 8,
      "mean_mks": 70.66666666666667,
      "gain_vs_B_pct": -11.814345991561185,
      "p_vs_B": 0.9017047786276043
    },
    "lay_0.02_it_12": {
      "lay_lam": 0.02,
      "n_it": 12,
      "mean_mks": 70.53333333333333,
      "gain_vs_B_pct": -11.603375527426152,
      "p_vs_B": 0.9016471987705266
    },
    "lay_0.05_it_2": {
      "lay_lam": 0.05,
      "n_it": 2,
      "mean_mks": 90.86666666666666,
      "gain_vs_B_pct": -43.776371308016856,
      "p_vs_B": 0.9991145220659613
    },
    "lay_0.05_it_3": {
      "lay_lam": 0.05,
      "n_it": 3,
      "mean_mks": 80.86666666666666,
      "gain_vs_B_pct": -27.953586497890278,
      "p_vs_B": 0.9728223000174718
    },
    "lay_0.05_it_4": {
      "lay_lam": 0.05,
      "n_it": 4,
      "mean_mks": 68.4,
      "gain_vs_B_pct": -8.227848101265826,
      "p_vs_B": 0.3555545114332743
    },
    "lay_0.05_it_6": {
      "lay_lam": 0.05,
      "n_it": 6,
      "mean_mks": 62.46666666666667,
      "gain_vs_B_pct": 1.1603375527426174,
      "p_vs_B": 0.009718248200419272
    },
    "lay_0.05_it_8": {
      "lay_lam": 0.05,
      "n_it": 8,
      "mean_mks": 58.266666666666666,
      "gain_vs_B_pct": 7.805907172995786,
      "p_vs_B": 1.01847364277959e-05
    },
    "lay_0.05_it_12": {
      "lay_lam": 0.05,
      "n_it": 12,
      "mean_mks": 58.266666666666666,
      "gain_vs_B_pct": 7.805907172995786,
      "p_vs_B": 1.01847364277959e-05
    },
    "lay_0.1_it_2": {
      "lay_lam": 0.1,
      "n_it": 2,
      "mean_mks": 81.4,
      "gain_vs_B_pct": -28.797468354430382,
      "p_vs_B": 0.9211735938216983
    },
    "lay_0.1_it_3": {
      "lay_lam": 0.1,
      "n_it": 3,
      "mean_mks": 63.86666666666667,
      "gain_vs_B_pct": -1.0548523206751017,
      "p_vs_B": 0.05784698416509746
    },
    "lay_0.1_it_4": {
      "lay_lam": 0.1,
      "n_it": 4,
      "mean_mks": 61.93333333333333,
      "gain_vs_B_pct": 2.00421940928271,
      "p_vs_B": 0.0009947356526151746
    },
    "lay_0.1_it_6": {
      "lay_lam": 0.1,
      "n_it": 6,
      "mean_mks": 61.4,
      "gain_vs_B_pct": 2.8481012658227916,
      "p_vs_B": 0.0003126193668024846
    },
    "lay_0.1_it_8": {
      "lay_lam": 0.1,
      "n_it": 8,
      "mean_mks": 61.0,
      "gain_vs_B_pct": 3.4810126582278524,
      "p_vs_B": 0.00020120918154692416
    },
    "lay_0.1_it_12": {
      "lay_lam": 0.1,
      "n_it": 12,
      "mean_mks": 60.6,
      "gain_vs_B_pct": 4.113924050632913,
      "p_vs_B": 0.00012653922212177361
    },
    "lay_0.15_it_2": {
      "lay_lam": 0.15,
      "n_it": 2,
      "mean_mks": 82.93333333333334,
      "gain_vs_B_pct": -31.223628691983123,
      "p_vs_B": 0.9842924723415246
    },
    "lay_0.15_it_3": {
      "lay_lam": 0.15,
      "n_it": 3,
      "mean_mks": 77.46666666666667,
      "gain_vs_B_pct": -22.573839662447256,
      "p_vs_B": 0.7170575524748962
    },
    "lay_0.15_it_4": {
      "lay_lam": 0.15,
      "n_it": 4,
      "mean_mks": 64.8,
      "gain_vs_B_pct": -2.531645569620244,
      "p_vs_B": 0.004950671756987584
    },
    "lay_0.15_it_6": {
      "lay_lam": 0.15,
      "n_it": 6,
      "mean_mks": 64.26666666666667,
      "gain_vs_B_pct": -1.6877637130801626,
      "p_vs_B": 0.0024286888546571524
    },
    "lay_0.15_it_8": {
      "lay_lam": 0.15,
      "n_it": 8,
      "mean_mks": 64.0,
      "gain_vs_B_pct": -1.265822784810122,
      "p_vs_B": 0.0016799355878664916
    },
    "lay_0.15_it_12": {
      "lay_lam": 0.15,
      "n_it": 12,
      "mean_mks": 63.46666666666667,
      "gain_vs_B_pct": -0.42194092827004065,
      "p_vs_B": 0.0010826953182876242
    },
    "lay_0.2_it_2": {
      "lay_lam": 0.2,
      "n_it": 2,
      "mean_mks": 93.6,
      "gain_vs_B_pct": -48.1012658227848,
      "p_vs_B": 0.9985371279790168
    },
    "lay_0.2_it_3": {
      "lay_lam": 0.2,
      "n_it": 3,
      "mean_mks": 79.53333333333333,
      "gain_vs_B_pct": -25.843881856540076,
      "p_vs_B": 0.716954869091575
    },
    "lay_0.2_it_4": {
      "lay_lam": 0.2,
      "n_it": 4,
      "mean_mks": 78.13333333333334,
      "gain_vs_B_pct": -23.62869198312237,
      "p_vs_B": 0.4903305069148886
    },
    "lay_0.2_it_6": {
      "lay_lam": 0.2,
      "n_it": 6,
      "mean_mks": 77.73333333333333,
      "gain_vs_B_pct": -22.995780590717295,
      "p_vs_B": 0.4358468896274381
    },
    "lay_0.2_it_8": {
      "lay_lam": 0.2,
      "n_it": 8,
      "mean_mks": 77.73333333333333,
      "gain_vs_B_pct": -22.995780590717295,
      "p_vs_B": 0.4358468896274381
    },
    "lay_0.2_it_12": {
      "lay_lam": 0.2,
      "n_it": 12,
      "mean_mks": 77.46666666666667,
      "gain_vs_B_pct": -22.573839662447256,
      "p_vs_B": 0.3834694306063798
    },
    "lay_0.25_it_2": {
      "lay_lam": 0.25,
      "n_it": 2,
      "mean_mks": 85.93333333333334,
      "gain_vs_B_pct": -35.970464135021096,
      "p_vs_B": 0.9741987766944338
    },