{
  "ae/grid3x3": {
    "benchmark": "ae",
    "topology": "grid3x3",
    "n_qubits": 9,
    "lam": 0.05,
    "P1": 251.0,
    "P2": 249.0,
    "P_DS": 276.0,
    "P5": 200.0,
    "gain_P1_to_P2_pct": 0.796812749003984,
    "gain_P1_to_P_DS_pct": -9.9601593625498,
    "gain_P1_to_P5_pct": 20.318725099601593,
    "gain_P2_to_P_DS_pct": -10.843373493975903
  },
  "ae/grid4x4": {
    "benchmark": "ae",
    "topology": "grid4x4",
    "n_qubits": 16,
    "lam": 0.02,
    "P1": 647.0,
    "P2": 645.0,
    "P_DS": 657.0,
    "P5": 564.0,
    "gain_P1_to_P2_pct": 0.3091190108191654,
    "gain_P1_to_P_DS_pct": -1.545595054095827,
    "gain_P1_to_P5_pct": 12.828438948995363,
    "gain_P2_to_P_DS_pct": -1.8604651162790697
  },
  "ae/linear7": {
    "benchmark": "ae",
    "topology": "linear7",
    "n_qubits": 7,
    "lam": 0.005,
    "P1": 217.0,
    "P2": 217.0,
    "P_DS": 249.0,
    "P5": 174.0,
    "gain_P1_to_P2_pct": 0.0,
    "gain_P1_to_P_DS_pct": -14.746543778801843,
    "gain_P1_to_P5_pct": 19.81566820276498,
    "gain_P2_to_P_DS_pct": -14.746543778801843
  },
  "ae/ring12": {
    "benchmark": "ae",
    "topology": "ring12",
    "n_qubits": 12,
    "lam": 0.005,
    "P1": 531.0,
    "P2": 531.0,
    "P_DS": 562.0,
    "P5": 316.0,
    "gain_P1_to_P2_pct": 0.0,
    "gain_P1_to_P_DS_pct": -5.83804143126177,
    "gain_P1_to_P5_pct": 40.48964218455744,
    "gain_P2_to_P_DS_pct": -5.83804143126177
  },
  "ae/ring8": {
    "benchmark": "ae",
    "topology": "ring8",
    "n_qubits": 8,
    "lam": 0.25,
    "P1": 273.0,
    "P2": 244.0,
    "P_DS": 248.0,
    "P5": 180.0,
    "gain_P1_to_P2_pct": 10.622710622710622,
    "gain_P1_to_P_DS_pct": 9.157509157509157,
    "gain_P1_to_P5_pct": 34.065934065934066,
    "gain_P2_to_P_DS_pct": -1.639344262295082
  },
  "ghz/grid3x3": {
    "benchmark": "ghz",
    "topology": "grid3x3",
    "n_qubits": 9,
    "lam": 0.005,
    "P1": 18.0,
    "P2": 18.0,
    "P_DS": 18.0,
    "P5": 18.0,
    "gain_P1_to_P2_pct": 0.0,
    "gain_P1_to_P_DS_pct": 0.0,
    "gain_P1_to_P5_pct": 0.0,
    "gain_P2_to_P_DS_pct": 0.0
  },
  "ghz/grid4x4": {
    "benchmark": "ghz",
    "topology": "grid4x4",
    "n_qubits": 16,
    "lam": 0.005,
    "P1": 32.0,
    "P2": 32.0,
    "P_DS": 32.0,
    "P5": 37.0,
    "gain_P1_to_P2_pct": 0.0,
    "gain_P1_to_P_DS_pct": 0.0,
    "gain_P1_to_P5_pct": -15.625,
    "gain_P2_to_P_DS_pct": 0.0
  },
  "ghz/linear7": {
    "benchmark": "ghz",
    "topology": "linear7",
    "n_qubits": 7,
    "lam": 0.005,
    "P1": 14.0,
    "P2": 14.0,
    "P_DS": 14.0,
    "P5": 14.0,
    "gain_P1_to_P2_pct": 0.0,
    "gain_P1_to_P_DS_pct": 0.0,
    "gain_P1_to_P5_pct": 0.0,
    "gain_P2_to_P_DS_pct": 0.0
  },
  "ghz/ring12": {
    "benchmark": "ghz",
    "topology": "ring12",
    "n_qubits": 12,
    "lam": 0.005,
    "P1": 24.0,
    "P2": 24.0,
    "P_DS": 24.0,
    "P5": 24.0,
    "gain_P1_to_P2_pct": 0.0,
    "gain_P1_to_P_DS_pct": 0.0,
    "gain_P1_to_P5_pct": 0.0,
    "gain_P2_to_P_DS_pct": 0.0
  },
  "ghz/ring8": {
    "benchmark": "ghz",
    "topology": "ring8",
    "n_qubits": 8,
    "lam": 0.005,
    "P1": 16.0,
    "P2": 16.0,
    "P_DS": 16.0,
    "P5": 16.0,
    "gain_P1_to_P2_pct": 0.0,
    "gain_P1_to_P_DS_pct": 0.0,
    "gain_P1_to_P5_pct": 0.0,
    "gain_P2_to_P_DS_pct": 0.0
  },
  "graphstate/grid3x3": {
    "benchmark": "graphstate",
    "topology": "grid3x3",
    "n_qubits": 9,
    "lam": 0.005,
    "P1": 24.0,
    "P2": 24.0,
    "P_DS": 24.0,
    "P5": 24.0,
    "gain_P1_to_P2_pct": 0.0,
    "gain_P1_to_P_DS_pct": 0.0,
    "gain_P1_to_P5_pct": 0.0,
    "gain_P2_to_P_DS_pct": 0.0
  },
  "graphstate/grid4x4": {
    "benchmark": "graphstate",
    "topology": "grid4x4",
    "n_qubits": 16,
    "lam": 0.005,
    "P1": 24.0,
    "P2": 24.0,
    "P_DS": 26.0,
    "P5": 24.0,
    "gain_P1_to_P2_pct": 0.0,
    "gain_P1_to_P_DS_pct": -8.333333333333334,
    "gain_P1_to_P5_pct": 0.0,
    "gain_P2_to_P_DS_pct": -8.333333333333334
  },
  "graphstate/linear7": {
    "benchmark": "graphstate",
    "topology": "linear7",
    "n_qubits": 7,
    "lam": 0.005,
    "P1": 26.0,
    "P2": 26.0,
    "P_DS": 26.0,
    "P5": 26.0,
    "gain_P1_to_P2_pct": 0.0,
    "gain_P1_to_P_DS_pct": 0.0,
    "gain_P1_to_P5_pct": 0.0,
    "gain_P2_to_P_DS_pct": 0.0
  },
  "graphstate/ring12": {
    "benchmark": "graphstate",
    "topology": "ring12",
    "n_qubits": 12,
    "lam": 0.005,
    "P1": 27.0,
    "P2": 27.0,
    "P_DS": 32.0,
    "P5": 34.0,
    "gain_P1_to_P2_pct": 0.0,
    "gain_P1_to_P_DS_pct": -18.51851851851852,
    "gain_P1_to_P5_pct": -25.925925925925927,
    "gain_P2_to_P_DS_pct": -18.51851851851852
  },
  "graphstate/ring8": {
    "benchmark": "graphstate",
    "topology": "ring8",
    "n_qubits": 8,
    "lam": 0.005,
    "P1": 20.0,
    "P2": 20.0,
    "P_DS": 20.0,
    "P5": 20.0,
    "gain_P1_to_P2_pct": 0.0,
    "gain_P1_to_P_DS_pct": 0.0,
    "gain_P1_to_P5_pct": 0.0,
    "gain_P2_to_P_DS_pct": 0.0
  },
  "qaoa/grid3x3": {
    "benchmark": "qaoa",
    "topology": "grid3x3",
    "n_qubits": 9,
    "lam": 0.25,
    "P1": 184.0,
    "P2": 184.0,
    "P_DS": 197.0,
    "P5": 164.0,
    "gain_P1_to_P2_pct": 0.0,
    "gain_P1_to_P_DS_pct": -7.065217391304348,
    "gain_P1_to_P5_pct": 10.869565217391305,
    "gain_P2_to_P_DS_pct": -7.065217391304348
  },
  "qaoa/grid4x4": {
    "benchmark": "qaoa",
    "topology": "grid4x4",
    "n_qubits": 16,
    "lam": 0.005,
    "P1": 448.0,
    "P2": 448.0,
    "P_DS": 497.0,
    "P5": 409.0,
    "gain_P1_to_P2_pct": 0.0,
    "gain_P1_to_P_DS_pct": -10.9375,
    "gain_P1_to_P5_pct": 8.705357142857142,
    "gain_P2_to_P_DS_pct": -10.9375
  },
  "qaoa/linear7": {
    "benchmark": "qaoa",
    "topology": "linear7",
    "n_qubits": 7,
    "lam": 0.25,
    "P1": 179.0,
    "P2": 179.0,
    "P_DS": 179.0,
    "P5": 152.0,
    "gain_P1_to_P2_pct": 0.0,
    "gain_P1_to_P_DS_pct": 0.0,
    "gain_P1_to_P5_pct": 15.083798882681565,
    "gain_P2_to_P_DS_pct": 0.0
  },
  "qaoa/ring12": {
    "benchmark": "qaoa",
    "topology": "ring12",
    "n_qubits": 12,
    "lam": 0.005,
    "P1": 388.0,
    "P2": 388.0,
    "P_DS": 427.0,
    "P5": 332.0,
    "gain_P1_to_P2_pct": 0.0,
    "gain_P1_to_P_DS_pct": -10.051546391752577,
    "gain_P1_to_P5_pct": 14.43298969072165,
    "gain_P2_to_P_DS_pct": -10.051546391752577
  },
  "qaoa/ring8": {
    "benchmark": "qaoa",
    "topology": "ring8",
    "n_qubits": 8,
    "lam": 0.05,
    "P1": 167.0,
    "P2": 167.0,
    "P_DS": 183.0,
    "P5": 167.0,
    "gain_P1_to_P2_pct": 0.0,
    "gain_P1_to_P_DS_pct": -9.580838323353293,
    "gain_P1_to_P5_pct": 0.0,
    "gain_P2_to_P_DS_pct": -9.580838323353293
  },
  "qft/grid3x3": {
    "benchmark": "qft",
    "topology": "grid3x3",
    "n_qubits": 9,
    "lam": 0.1,
    "P1": 236.0,
    "P2": 201.0,
    "P_DS": 166.0,
    "P5": 158.0,
    "gain_P1_to_P2_pct": 14.830508474576272,
    "gain_P1_to_P_DS_pct": 29.661016949152543,
    "gain_P1_to_P5_pct": 33.05084745762712,
    "gain_P2_to_P_DS_pct": 17.412935323383085
  },
  "qft/grid4x4": {
    "benchmark": "qft",
    "topology": "grid4x4",
    "n_qubits": 16,
    "lam": 0.05,
    "P1": 423.0,
    "P2": 423.0,
    "P_DS": 514.0,
    "P5": 400.0,
    "gain_P1_to_P2_pct": 0.0,
    "gain_P1_to_P_DS_pct": -21.513002364066192,
    "gain_P1_to_P5_pct": 5.4373522458628845,
    "gain_P2_to_P_DS_pct": -21.513002364066192
  },
  "qft/linear7": {
    "benchmark": "qft",
    "topology": "linear7",
    "n_qubits": 7,
    "lam": 0.005,
    "P1": 138.0,
    "P2": 138.0,
    "P_DS": 149.0,
    "P5": 107.0,
    "gain_P1_to_P2_pct": 0.0,
    "gain_P1_to_P_DS_pct": -7.971014492753623,
    "gain_P1_to_P5_pct": 22.463768115942027,
    "gain_P2_to_P_DS_pct": -7.971014492753623
  },
  "qft/ring12": {
    "benchmark": "qft",
    "topology": "ring12",
    "n_qubits": 12,
    "lam": 0.005,
    "P1": 382.0,
    "P2": 352.0,
    "P_DS": 359.0,
    "P5": 204.0,
    "gain_P1_to_P2_pct": 7.853403141361256,
    "gain_P1_to_P_DS_pct": 6.020942408376963,
    "gain_P1_to_P5_pct": 46.596858638743456,