{
  "grid3x3/qft": {
    "family": "qft",
    "topology": "grid3x3",
    "n_qubits": 9,
    "lam": 0.1,
    "n_test": 8,
    "makespan_reduction_pct": 19.026200324208574,
    "makespan_ci95": [
      15.337281047534415,
      22.787807780798424
    ],
    "esp_ratio_mean": 1.3572020501103905,
    "esp_ratio_median": 1.3359329039702816,
    "wilcoxon_p": 0.00390625,
    "mks_red_vals": [
      19.71153846153846,
      9.72972972972973,
      18.39622641509434,
      28.365384615384617,
      15.942028985507246,
      21.5962441314554,
      15.023474178403756,
      23.444976076555022
    ],
    "esp_ratio_vals": [
      1.3175021944440926,
      1.0536019079980556,
      1.3543636134964707,
      1.645435631617957,
      1.235143066758977,
      1.4846483241571724,
      1.2476149346876724,
      1.519306727722726
    ]
  },
  "grid3x3/qaoa": {
    "family": "qaoa",
    "topology": "grid3x3",
    "n_qubits": 9,
    "lam": 0.25,
    "n_test": 8,
    "makespan_reduction_pct": 4.051227314078943,
    "makespan_ci95": [
      1.575540731162572,
      6.345597423605113
    ],
    "esp_ratio_mean": 0.973402964705476,
    "esp_ratio_median": 0.9739229491719237,
    "wilcoxon_p": 0.015625,
    "mks_red_vals": [
      6.077348066298343,
      6.077348066298343,
      1.1049723756906078,
      4.787234042553192,
      9.574468085106384,
      2.6595744680851063,
      -2.7624309392265194,
      4.891304347826087
    ],
    "esp_ratio_vals": [
      1.0149217458685311,
      1.0315986656509126,
      0.8971492011430607,
      0.9350024476295522,
      1.1203108159056896,
      0.9760024245197433,
      0.8403949431022151,
      0.971843473824104
    ]
  },
  "grid3x3/qpeexact": {
    "family": "qpeexact",
    "topology": "grid3x3",
    "n_qubits": 9,
    "lam": 0.25,
    "n_test": 8,
    "makespan_reduction_pct": 24.475054670515874,
    "makespan_ci95": [
      21.710007424315812,
      27.78105773383532
    ],
    "esp_ratio_mean": 1.572281646520167,
    "esp_ratio_median": 1.4376474922150921,
    "wilcoxon_p": 0.00390625,
    "mks_red_vals": [
      22.22222222222222,
      26.4,
      20.087336244541486,
      22.540983606557376,
      20.66115702479339,
      21.757322175732217,
      27.98507462686567,
      34.146341463414636
    ],
    "esp_ratio_vals": [
      1.3917244058377207,
      1.5841021229631447,
      1.3142195718206569,
      1.412301019942319,
      1.4629939644878653,
      1.4021302648090006,
      1.7217961047039567,
      2.288985717596673
    ]
  },
  "grid4x4/qft": {
    "family": "qft",
    "topology": "grid4x4",
    "n_qubits": 16,
    "lam": 0.05,
    "n_test": 8,
    "makespan_reduction_pct": 18.057724713830687,
    "makespan_ci95": [
      13.075879293801044,
      22.211856099756886
    ],
    "esp_ratio_mean": 4.042686507284741,
    "esp_ratio_median": 3.463820146624525,
    "wilcoxon_p": 0.00390625,
    "mks_red_vals": [
      19.789473684210527,
      17.706237424547282,
      14.05940594059406,
      3.953488372093023,
      19.921875,
      18.72340425531915,
      22.352941176470587,
      27.954971857410882
    ],
    "esp_ratio_vals": [
      3.660690531285449,
      3.2669497619636005,
      2.2385801691806955,
      1.0106417101940621,
      3.9047197971868117,
      3.265964908134188,
      5.494884880654516,
      9.499060299678604
    ]
  },
  "grid4x4/qaoa": {
    "family": "qaoa",
    "topology": "grid4x4",
    "n_qubits": 16,
    "lam": 0.1,
    "n_test": 8,
    "makespan_reduction_pct": 24.228560093931844,
    "makespan_ci95": [
      19.502148752471307,
      28.320309576905743
    ],
    "esp_ratio_mean": 6.385787421466814,
    "esp_ratio_median": 7.056779079799814,
    "wilcoxon_p": 0.00390625,
    "mks_red_vals": [
      30.37037037037037,
      12.366737739872068,
      29.522184300341298,
      15.644820295983086,
      21.16788321167883,
      27.097902097902097,
      30.132450331125828,
      27.526132404181183
    ],
    "esp_ratio_vals": [
      8.774599171699286,
      1.712925775939241,
      9.708139045317726,
      2.035850322031067,
      4.18228534058115,
      6.496115337913391,
      10.558941556566419,
      7.617442821686236
    ]
  },
  "grid4x4/qpeexact": {
    "family": "qpeexact",
    "topology": "grid4x4",
    "n_qubits": 16,
    "lam": 0.02,
    "n_test": 8,
    "makespan_reduction_pct": 22.913942108392654,
    "makespan_ci95": [
      18.83227671154,
      26.156885727760365
    ],
    "esp_ratio_mean": 10.952952109513431,
    "esp_ratio_median": 8.775295118595501,
    "wilcoxon_p": 0.00390625,
    "mks_red_vals": [
      23.529411764705884,
      10.320284697508896,
      26.412429378531073,
      26.657263751763047,
      23.278688524590162,
      19.805194805194805,
      29.41176470588235,
      23.896499238964992
    ],
    "esp_ratio_vals": [
      8.758555769519777,
      2.1597106703637445,
      15.468586511979101,
      15.908226348144227,
      8.011083450729256,
      4.803650228968819,
      23.721769428731303,
      8.792034467671225
    ]
  },
  "grid5x5/qft": {
    "family": "qft",
    "topology": "grid5x5",
    "n_qubits": 25,
    "lam": 0.02,
    "n_test": 8,
    "makespan_reduction_pct": 9.98048113308496,
    "makespan_ci95": [
      3.3303913254903073,
      16.548875933672228
    ],
    "esp_ratio_mean": 40.371135093831086,
    "esp_ratio_median": 4.469460115553099,
    "wilcoxon_p": 0.01953125,
    "mks_red_vals": [
      6.658595641646489,
      22.560335781741866,
      14.639905548996458,
      24.19889502762431,
      -1.5214384508990317,
      -4.920049200492005,
      10.32967032967033,
      7.897934386391252
    ],
    "esp_ratio_vals": [
      2.8124227977767746,
      107.90646366020682,
      13.963006576696426,
      188.804120007608,
      0.40265772051255955,
      0.14148975674190795,
      5.829186143389427,
      3.109734087716772
    ]
  },
  "grid5x5/qaoa": {
    "family": "qaoa",
    "topology": "grid5x5",
    "n_qubits": 25,
    "lam": 0.1,
    "n_test": 8,
    "makespan_reduction_pct": 31.905848740675896,
    "makespan_ci95": [
      28.881652586658966,
      34.673546456174876
    ],
    "esp_ratio_mean": 18214.019618488488,
    "esp_ratio_median": 7173.298386053663,
    "wilcoxon_p": 0.00390625,
    "mks_red_vals": [
      28.702928870292887,
      28.29108748977923,
      31.479967293540476,
      34.19847328244275,
      24.275979557069846,
      36.224489795918366,
      35.0,
      37.07386363636363
    ],
    "esp_ratio_vals": [
      1085.843566330512,
      1181.9153504296376,
      1606.5097101790777,
      12740.087061928249,
      144.96342450122535,
      44008.19332266385,
      18111.453907703428,
      66833.19060417192
    ]
  },
  "grid5x5/qpeexact": {
    "family": "qpeexact",
    "topology": "grid5x5",
    "n_qubits": 25,
    "lam": 0.05,
    "n_test": 8,
    "makespan_reduction_pct": 15.544107787537333,
    "makespan_ci95": [
      10.143748114861411,
      20.230118667153796
    ],
    "esp_ratio_mean": 66.78693808790983,
    "esp_ratio_median": 12.066854082492572,
    "wilcoxon_p": 0.0078125,
    "mks_red_vals": [
      15.885167464114833,
      10.467479674796747,
      -0.7909604519774012,
      19.136960600375236,
      15.392156862745098,
      24.645390070921987,
      23.011844331641285,
      16.60482374768089
    ],
    "esp_ratio_vals": [
      12.890729684397835,
      3.2474939280919557,
      0.19827330555439515,
      43.62488649837924,
      10.92362514195041,
      261.93829344422403,
      190.22922422009339,
      11.242978480587311
    ]
  }
}