{
  "ae/linear7": {
    "family": "ae",
    "topology": "linear7",
    "n_qubits": 7,
    "lam": 0.005,
    "n_2q": 51,
    "A_prod": 224,
    "B_sabre_mks": 224,
    "C_ms": 166,
    "A_prod_raw": 212,
    "C_ms_raw": 168,
    "reach_best": 218,
    "audit_gain_pct": 25.892857142857142,
    "rescore_pct": 0.0,
    "algorithm_pct": 25.892857142857142,
    "ms_raw_gain_pct": 20.754716981132077,
    "reach_residual_pct": -23.853211009174313,
    "routing": true
  },
  "ae/ring8": {
    "family": "ae",
    "topology": "ring8",
    "n_qubits": 8,
    "lam": 0.25,
    "n_2q": 65,
    "A_prod": 247,
    "B_sabre_mks": 238,
    "C_ms": 176,
    "A_prod_raw": 237,
    "C_ms_raw": 189,
    "reach_best": 238,
    "audit_gain_pct": 28.74493927125506,
    "rescore_pct": 3.6437246963562755,
    "algorithm_pct": 25.101214574898787,
    "ms_raw_gain_pct": 20.253164556962027,
    "reach_residual_pct": -26.050420168067227,
    "routing": true
  },
  "ae/grid3x3": {
    "family": "ae",
    "topology": "grid3x3",
    "n_qubits": 9,
    "lam": 0.25,
    "n_2q": 84,
    "A_prod": 248,
    "B_sabre_mks": 248,
    "C_ms": 213,
    "A_prod_raw": 238,
    "C_ms_raw": 202,
    "reach_best": 239,
    "audit_gain_pct": 14.112903225806452,
    "rescore_pct": 0.0,
    "algorithm_pct": 14.112903225806452,
    "ms_raw_gain_pct": 15.126050420168067,
    "reach_residual_pct": -10.878661087866108,
    "routing": true
  },
  "ae/ring12": {
    "family": "ae",
    "topology": "ring12",
    "n_qubits": 12,
    "lam": 0.05,
    "n_2q": 147,
    "A_prod": 514,
    "B_sabre_mks": 514,
    "C_ms": 316,
    "A_prod_raw": 492,
    "C_ms_raw": 365,
    "reach_best": 488,
    "audit_gain_pct": 38.521400778210115,
    "rescore_pct": 0.0,
    "algorithm_pct": 38.521400778210115,
    "ms_raw_gain_pct": 25.8130081300813,
    "reach_residual_pct": -35.24590163934426,
    "routing": true
  }
}