{
  "linear5/qft": {
    "topology": "linear5",
    "family": "qft",
    "lambda": 0.25,
    "n_qubits": 5,
    "n_circuits": 30,
    "look_k20": 44.0,
    "configs": {
      "1.0_0.0": {
        "alpha": 1.0,
        "beta": 0.0,
        "k1_mean": 44.0,
        "k20_mean": 44.0,
        "k20_gain_vs_look": 0.0
      },
      "0.0_1.0": {
        "alpha": 0.0,
        "beta": 1.0,
        "k1_mean": 44.0,
        "k20_mean": 44.0,
        "k20_gain_vs_look": 0.0
      },
      "0.5_1.0": {
        "alpha": 0.5,
        "beta": 1.0,
        "k1_mean": 44.0,
        "k20_mean": 44.0,
        "k20_gain_vs_look": 0.0
      },
      "1.0_1.0": {
        "alpha": 1.0,
        "beta": 1.0,
        "k1_mean": 46.0,
        "k20_mean": 46.0,
        "k20_gain_vs_look": -4.545454545454546
      },
      "1.0_2.0": {
        "alpha": 1.0,
        "beta": 2.0,
        "k1_mean": 46.0,
        "k20_mean": 46.0,
        "k20_gain_vs_look": -4.545454545454546
      }
    }
  },
  "ring12/qft": {
    "topology": "ring12",
    "family": "qft",
    "lambda": 0.25,
    "n_qubits": 12,
    "n_circuits": 30,
    "look_k20": 250.46666666666667,
    "configs": {
      "1.0_0.0": {
        "alpha": 1.0,
        "beta": 0.0,
        "k1_mean": 179.66666666666666,
        "k20_mean": 160.0,
        "k20_gain_vs_look": 36.11924407772158
      },
      "0.0_1.0": {
        "alpha": 0.0,
        "beta": 1.0,
        "k1_mean": 170.06666666666666,
        "k20_mean": 159.86666666666667,
        "k20_gain_vs_look": 36.17247804099015
      },
      "0.5_1.0": {
        "alpha": 0.5,
        "beta": 1.0,
        "k1_mean": 237.13333333333333,
        "k20_mean": 211.86666666666667,
        "k20_gain_vs_look": 15.411232366249665
      },
      "1.0_1.0": {
        "alpha": 1.0,
        "beta": 1.0,
        "k1_mean": 245.2,
        "k20_mean": 214.93333333333334,
        "k20_gain_vs_look": 14.186851211072662
      },
      "1.0_2.0": {
        "alpha": 1.0,
        "beta": 2.0,
        "k1_mean": 250.53333333333333,
        "k20_mean": 245.66666666666666,
        "k20_gain_vs_look": 1.9164226776683568
      }
    }
  },
  "grid4x4/parallel": {
    "topology": "grid4x4",
    "family": "parallel",
    "lambda": 0.05,
    "n_qubits": 16,
    "n_circuits": 30,
    "look_k20": 60.86666666666667,
    "configs": {
      "1.0_0.0": {
        "alpha": 1.0,
        "beta": 0.0,
        "k1_mean": 56.4,
        "k20_mean": 51.86666666666667,
        "k20_gain_vs_look": 14.786418400876233
      },
      "0.0_1.0": {
        "alpha": 0.0,
        "beta": 1.0,
        "k1_mean": 61.93333333333333,
        "k20_mean": 54.46666666666667,
        "k20_gain_vs_look": 10.514786418400874
      },
      "0.5_1.0": {
        "alpha": 0.5,
        "beta": 1.0,
        "k1_mean": 55.266666666666666,
        "k20_mean": 51.06666666666667,
        "k20_gain_vs_look": 16.100766703176337
      },
      "1.0_1.0": {
        "alpha": 1.0,
        "beta": 1.0,
        "k1_mean": 55.666666666666664,
        "k20_mean": 50.6,
        "k20_gain_vs_look": 16.86746987951807
      },
      "1.0_2.0": {
        "alpha": 1.0,
        "beta": 2.0,
        "k1_mean": 58.13333333333333,
        "k20_mean": 52.13333333333333,
        "k20_gain_vs_look": 14.348302300109532
      }
    }
  },
  "linear15/qft": {
    "topology": "linear15",
    "family": "qft",
    "lambda": 0.25,
    "n_qubits": 15,
    "n_circuits": 20,
    "look_k20": 251.4,
    "configs": {
      "1.0_0.0": {
        "alpha": 1.0,
        "beta": 0.0,
        "k1_mean": 230.7,
        "k20_mean": 207.4,
        "k20_gain_vs_look": 17.501988862370723
      },
      "0.0_1.0": {
        "alpha": 0.0,
        "beta": 1.0,
        "k1_mean": 213.6,
        "k20_mean": 206.5,
        "k20_gain_vs_look": 17.859984089101037
      },
      "0.5_1.0": {
        "alpha": 0.5,
        "beta": 1.0,
        "k1_mean": 251.4,
        "k20_mean": 251.4,
        "k20_gain_vs_look": 0.0
      },
      "1.0_1.0": {
        "alpha": 1.0,
        "beta": 1.0,
        "k1_mean": 251.4,
        "k20_mean": 249.8,
        "k20_gain_vs_look": 0.6364359586316604
      },
      "1.0_2.0": {
        "alpha": 1.0,
        "beta": 2.0,
        "k1_mean": 250.4,
        "k20_mean": 250.4,
        "k20_gain_vs_look": 0.39777247414478917
      }
    }
  },
  "grid5x5/parallel": {
    "topology": "grid5x5",
    "family": "parallel",
    "lambda": 0.05,
    "n_qubits": 25,
    "n_circuits": 20,
    "look_k20": 89.8,
    "configs": {
      "1.0_0.0": {
        "alpha": 1.0,
        "beta": 0.0,
        "k1_mean": 76.8,
        "k20_mean": 68.2,
        "k20_gain_vs_look": 24.053452115812913
      },
      "0.0_1.0": {
        "alpha": 0.0,
        "beta": 1.0,
        "k1_mean": 89.6,
        "k20_mean": 75.9,
        "k20_gain_vs_look": 15.478841870824043
      },
      "0.5_1.0": {
        "alpha": 0.5,
        "beta": 1.0,
        "k1_mean": 75.9,
        "k20_mean": 68.9,
        "k20_gain_vs_look": 23.273942093541194
      },
      "1.0_1.0": {
        "alpha": 1.0,
        "beta": 1.0,
        "k1_mean": 79.3,
        "k20_mean": 71.1,
        "k20_gain_vs_look": 20.824053452115816
      },
      "1.0_2.0": {
        "alpha": 1.0,
        "beta": 2.0,
        "k1_mean": 79.9,
        "k20_mean": 71.1,
        "k20_gain_vs_look": 20.824053452115816
      }
    }
  }
}