{
  "ae/linear7": {
    "family": "ae",
    "topology": "linear7",
    "n_qubits": 7,
    "prod_2q": 102,
    "ms_mks": {
      "mks_red": 25.892857142857142,
      "n2q_delta": 10,
      "our_ratio": 1.1749570400788811,
      "pz_ratio": 1.029149357024869
    },
    "ms_swap": {
      "mks_red": 23.660714285714285,
      "n2q_delta": 14,
      "our_ratio": 1.1515168610515936,
      "pz_ratio": 1.0134408141799942
    }
  },
  "ae/ring8": {
    "family": "ae",
    "topology": "ring8",
    "n_qubits": 8,
    "prod_2q": 124,
    "ms_mks": {
      "mks_red": 28.74493927125506,
      "n2q_delta": 24,
      "our_ratio": 1.2339970619447276,
      "pz_ratio": 1.0448840160688926
    },
    "ms_swap": {
      "mks_red": 27.125506072874494,
      "n2q_delta": 19,
      "our_ratio": 1.2306462635217288,
      "pz_ratio": 1.0457385150300356
    }
  },
  "ae/grid3x3": {
    "family": "ae",
    "topology": "grid3x3",
    "n_qubits": 9,
    "prod_2q": 133,
    "ms_mks": {
      "mks_red": 14.112903225806452,
      "n2q_delta": 82,
      "our_ratio": 1.039685090985953,
      "pz_ratio": 0.8466963867255248
    },
    "ms_swap": {
      "mks_red": 11.693548387096774,
      "n2q_delta": 56,
      "our_ratio": 1.0486804659864333,
      "pz_ratio": 0.8904985494141109
    }
  },
  "ae/ring12": {
    "family": "ae",
    "topology": "ring12",
    "n_qubits": 12,
    "prod_2q": 389,
    "ms_mks": {
      "mks_red": 38.521400778210115,
      "n2q_delta": -50,
      "our_ratio": 2.9122893804790624,
      "pz_ratio": 1.5012297747215149
    },
    "ms_swap": {
      "mks_red": 35.40856031128405,
      "n2q_delta": -74,
      "our_ratio": 2.76226893711402,
      "pz_ratio": 1.5285128024450583
    }
  },
  "ae/heavy_hex2": {
    "family": "ae",
    "topology": "heavy_hex2",
    "n_qubits": 14,
    "prod_2q": 447,
    "ms_mks": {
      "mks_red": 27.804878048780488,
      "n2q_delta": -20,
      "our_ratio": 2.812978666803987,
      "pz_ratio": 1.4594722475051147
    },
    "ms_swap": {
      "mks_red": 24.715447154471544,
      "n2q_delta": -51,
      "our_ratio": 2.6173896349662584,
      "pz_ratio": 1.5697530597003708
    }
  },
  "ae/grid4x4": {
    "family": "ae",
    "topology": "grid4x4",
    "n_qubits": 16,
    "prod_2q": 472,
    "ms_mks": {
      "mks_red": 19.1131498470948,
      "n2q_delta": 141,
      "our_ratio": 1.976232149777982,
      "pz_ratio": 0.9023364752400737
    },
    "ms_swap": {
      "mks_red": 18.195718654434252,
      "n2q_delta": 178,
      "our_ratio": 1.8119722882156435,
      "pz_ratio": 0.7894971740071034
    }
  },
  "qaoa/linear7": {
    "family": "qaoa",
    "topology": "linear7",
    "n_qubits": 7,
    "prod_2q": 118,
    "ms_mks": {
      "mks_red": 7.5675675675675675,
      "n2q_delta": 7,
      "our_ratio": 1.0343841281236374,
      "pz_ratio": 1.0026630263515526
    },
    "ms_swap": {
      "mks_red": 7.5675675675675675,
      "n2q_delta": 7,
      "our_ratio": 1.0343841281236374,
      "pz_ratio": 1.0026630263515526
    }
  },
  "qaoa/ring8": {
    "family": "qaoa",
    "topology": "ring8",
    "n_qubits": 8,
    "prod_2q": 115,
    "ms_mks": {
      "mks_red": 1.1494252873563218,
      "n2q_delta": 49,
      "our_ratio": 0.9520058696734971,
      "pz_ratio": 0.896068466255079
    },
    "ms_swap": {
      "mks_red": 1.1494252873563218,
      "n2q_delta": 49,
      "our_ratio": 0.9504108992264678,
      "pz_ratio": 0.8989017891490878
    }
  },
  "qaoa/grid3x3": {
    "family": "qaoa",
    "topology": "grid3x3",
    "n_qubits": 9,
    "prod_2q": 118,
    "ms_mks": {
      "mks_red": 18.01801801801802,
      "n2q_delta": 27,
      "our_ratio": 1.128151169159572,
      "pz_ratio": 0.9889136280173496
    },
    "ms_swap": {
      "mks_red": 16.666666666666668,
      "n2q_delta": 19,
      "our_ratio": 1.1255195570573215,
      "pz_ratio": 1.0072820990710194
    }
  },
  "qaoa/ring12": {
    "family": "qaoa",
    "topology": "ring12",
    "n_qubits": 12,
    "prod_2q": 383,
    "ms_mks": {
      "mks_red": 20.105820105820104,
      "n2q_delta": -9,
      "our_ratio": 1.4896860847205977,
      "pz_ratio": 1.2032445402043337
    },
    "ms_swap": {
      "mks_red": 20.105820105820104,
      "n2q_delta": -9,
      "our_ratio": 1.4896860847205977,
      "pz_ratio": 1.2032445402043337
    }
  },
  "qaoa/heavy_hex2": {
    "family": "qaoa",
    "topology": "heavy_hex2",
    "n_qubits": 14,
    "prod_2q": 460,
    "ms_mks": {
      "mks_red": 9.18580375782881,
      "n2q_delta": 95,
      "our_ratio": 1.1650382067887475,
      "pz_ratio": 0.8817843675196043
    },
    "ms_swap": {
      "mks_red": 9.18580375782881,
      "n2q_delta": 95,
      "our_ratio": 1.1650382067887475,
      "pz_ratio": 0.8817843675196043
    }
  },
  "qaoa/grid4x4": {
    "family": "qaoa",
    "topology": "grid4x4",
    "n_qubits": 16,
    "prod_2q": 435,
    "ms_mks": {
      "mks_red": 24.513618677042803,
      "n2q_delta": 168,
      "our_ratio": 1.9264501250718093,
      "pz_ratio": 0.9489222335426074
    },
    "ms_swap": {
      "mks_red": 24.513618677042803,
      "n2q_delta": 168,
      "our_ratio": 1.9264501250718093,
      "pz_ratio": 0.9489222335426074
    }
  },
  "qft/linear7": {
    "family": "qft",
    "topology": "linear7",
    "n_qubits": 7,
    "prod_2q": 75,
    "ms_mks": {
      "mks_red": 15.942028985507246,
      "n2q_delta": -7,
      "our_ratio": 1.076960919924368,
      "pz_ratio": 1.0291017402463922
    },
    "ms_swap": {
      "mks_red": 15.942028985507246,
      "n2q_delta": -7,
      "our_ratio": 1.076960919924368,
      "pz_ratio": 1.0291017402463922
    }
  },
  "qft/ring8": {
    "family": "qft",
    "topology": "ring8",
    "n_qubits": 8,
    "prod_2q": 107,
    "ms_mks": {
      "mks_red": 23.03030303030303,
      "n2q_delta": -24,
      "our_ratio": 1.1731037678809557,
      "pz_ratio": 1.1076717935805491
    },
    "ms_swap": {
      "mks_red": 23.03030303030303,
      "n2q_delta": -24,
      "our_ratio": 1.1731037678809557,
      "pz_ratio": 1.1076717935805491
    }
  },
  "qft/grid3x3": {
    "family": "qft",
    "topology": "grid3x3",
    "n_qubits": 9,
    "prod_2q": 116,
    "ms_mks": {
      "mks_red": 16.42512077294686,
      "n2q_delta": 40,
      "our_ratio": 1.0873080498087992,
      "pz_ratio": 0.9282068128494044
    },
    "ms_swap": {
      "mks_red": 14.97584541062802,
      "n2q_delta": 28,
      "our_ratio": 1.0904473095117622,
      "pz_ratio": 0.962323850607205
    }
  },
  "qft/ring12": {
    "family": "qft",
    "topology": "ring12",
    "n_qubits": 12,
    "prod_2q": 338,
    "ms_mks": {
      "mks_red": 36.855670103092784,
      "n2q_delta": -78,
      "our_ratio": 2.2705145622052645,
      "pz_ratio": 1.4811748979037676
    },
    "ms_swap": {
      "mks_red": 36.855670103092784,
      "n2q_delta": -78,
      "our_ratio": 2.2705145622052645,
      "pz_ratio": 1.4811748979037676
    }
  },
  "qft/heavy_hex2": {
    "family": "qft",
    "topology": "heavy_hex2",
    "n_qubits": 14,
    "prod_2q": 334,
    "ms_mks": {
      "mks_red": 7.084468664850136,
      "n2q_delta": 42,
      "our_ratio": 1.1152048872779536,
      "pz_ratio": 0.8919302059678452
    },
    "ms_swap": {
      "mks_red": -7.356948228882834,
      "n2q_delta": 14,
      "our_ratio": 0.8402295216123676,
      "pz_ratio": 0.9364326223385767
    }
  },
  "qft/grid4x4": {
    "family": "qft",
    "topology": "grid4x4",
    "n_qubits": 16,
    "prod_2q": 428,
    "ms_mks": {
      "mks_red": 14.227642276422765,
      "n2q_delta": 126,
      "our_ratio": 1.3859878713106555,
      "pz_ratio": 0.7909181314928629
    },
    "ms_swap": {
      "mks_red": 6.7073170731707314,
      "n2q_delta": 168,
      "our_ratio": 1.028272109794579,
      "pz_ratio": 0.6639690450800807
    }
  },
  "qpeexact/linear7": {
    "family": "qpeexact",
    "topology": "linear7",
    "n_qubits": 7,
    "prod_2q": 78,
    "ms_mks": {
      "mks_red": 30.322580645161292,
      "n2q_delta": -17,
      "our_ratio": 1.1720337983847449,
      "pz_ratio": 1.0826366453118241
    },