{
  "ring12/parallel/lam0.02/n200": {
    "topology": "ring12",
    "family": "parallel",
    "lambda": 0.02,
    "n_circuits": 200,
    "mean_sabre": 53.65,
    "mean_ms": 51.09,
    "reduction_pct": 4.771668219944073,
    "wilcoxon_p": 5.838929774611393e-07,
    "n_better": 108,
    "n_worse": 49,
    "n_same": 43
  },
  "linear9/parallel/lam0.02/n200": {
    "topology": "linear9",
    "family": "parallel",
    "lambda": 0.02,
    "n_circuits": 200,
    "mean_sabre": 53.12,
    "mean_ms": 51.32,
    "reduction_pct": 3.3885542168674645,
    "wilcoxon_p": 0.00013538814992751163,
    "n_better": 113,
    "n_worse": 47,
    "n_same": 40
  },
  "ring8/parallel/lam0.02/n150": {
    "topology": "ring8",
    "family": "parallel",
    "lambda": 0.02,
    "n_circuits": 150,
    "mean_sabre": 31.253333333333334,
    "mean_ms": 30.106666666666666,
    "reduction_pct": 3.6689419795221894,
    "wilcoxon_p": 0.0010335820380872093,
    "n_better": 60,
    "n_worse": 38,
    "n_same": 52
  },
  "linear7/parallel/lam0.02/n150": {
    "topology": "linear7",
    "family": "parallel",
    "lambda": 0.02,
    "n_circuits": 150,
    "mean_sabre": 38.653333333333336,
    "mean_ms": 36.89333333333333,
    "reduction_pct": 4.5532942393929074,
    "wilcoxon_p": 1.935843891551491e-05,
    "n_better": 72,
    "n_worse": 22,
    "n_same": 56
  },
  "ring12/qft/lam0.25/n100": {
    "topology": "ring12",
    "family": "qft",
    "lambda": 0.25,
    "n_circuits": 100,
    "mean_sabre": 218.78,
    "mean_ms": 93.94,
    "reduction_pct": 57.06188865527013,
    "wilcoxon_p": 1.8975893882896795e-18,
    "n_better": 100,
    "n_worse": 0,
    "n_same": 0
  },
  "linear9/qft/lam0.25/n100": {
    "topology": "linear9",
    "family": "qft",
    "lambda": 0.25,
    "n_circuits": 100,
    "mean_sabre": 95.92,
    "mean_ms": 63.6,
    "reduction_pct": 33.694745621351124,
    "wilcoxon_p": 2.0697102127245383e-19,
    "n_better": 100,
    "n_worse": 0,
    "n_same": 0
  },
  "ring12/parallel/lam0.25/n200": {
    "topology": "ring12",
    "family": "parallel",
    "lambda": 0.25,
    "n_circuits": 200,
    "mean_sabre": 53.65,
    "mean_ms": 56.47,
    "reduction_pct": -5.256290773532153,
    "wilcoxon_p": 0.9999040737345513,
    "n_better": 73,
    "n_worse": 110,
    "n_same": 17
  },
  "linear9/parallel/lam0.25/n200": {
    "topology": "linear9",
    "family": "parallel",
    "lambda": 0.25,
    "n_circuits": 200,
    "mean_sabre": 53.12,
    "mean_ms": 54.52,
    "reduction_pct": -2.63554216867471,
    "wilcoxon_p": 0.9512645022613099,
    "n_better": 89,
    "n_worse": 96,
    "n_same": 15
  }
}