{
  "linear7/qft": {
    "topology": "linear7",
    "family": "qft",
    "lam": 0.1,
    "n_qubits": 7,
    "n_circuits": 6,
    "K_values": [
      5,
      10,
      20,
      40,
      60
    ],
    "K_max": 60,
    "per_K": {
      "5": {
        "A": 164.0,
        "B": 162.33333333333334,
        "C": 118.5,
        "rescore_pct": 1.0162601626016203,
        "algo_pct": 26.727642276422767,
        "total_pct": 27.74390243902439,
        "rescore_frac_of_total": 0.036630036630036424,
        "n_circuits": 6
      },
      "10": {
        "A": 159.0,
        "B": 158.66666666666666,
        "C": 117.0,
        "rescore_pct": 0.20964360587002692,
        "algo_pct": 26.205450733752617,
        "total_pct": 26.41509433962264,
        "rescore_frac_of_total": 0.007936507936508162,
        "n_circuits": 6
      },
      "20": {
        "A": 157.0,
        "B": 157.0,
        "C": 116.0,
        "rescore_pct": 0.0,
        "algo_pct": 26.11464968152866,
        "total_pct": 26.11464968152866,
        "rescore_frac_of_total": 0.0,
        "n_circuits": 6
      },
      "40": {
        "A": 156.0,
        "B": 156.0,
        "C": 116.0,
        "rescore_pct": 0.0,
        "algo_pct": 25.641025641025642,
        "total_pct": 25.641025641025642,
        "rescore_frac_of_total": 0.0,
        "n_circuits": 6
      },
      "60": {
        "A": 156.0,
        "B": 156.0,
        "C": 116.0,
        "rescore_pct": 0.0,
        "algo_pct": 25.641025641025642,
        "total_pct": 25.641025641025642,
        "rescore_frac_of_total": 0.0,
        "n_circuits": 6
      }
    }
  },
  "ring12/qft": {
    "topology": "ring12",
    "family": "qft",
    "lam": 0.005,
    "n_qubits": 12,
    "n_circuits": 6,
    "K_values": [
      5,
      10,
      20,
      40,
      60
    ],
    "K_max": 60,
    "per_K": {
      "5": {
        "A": 376.5,
        "B": 362.8333333333333,
        "C": 229.5,
        "rescore_pct": 3.629924745462599,
        "algo_pct": 35.413899955732624,
        "total_pct": 39.04382470119522,
        "rescore_frac_of_total": 0.09297052154195025,
        "n_circuits": 6
      },
      "10": {
        "A": 381.5,
        "B": 360.1666666666667,
        "C": 228.0,
        "rescore_pct": 5.591961555264302,
        "algo_pct": 34.64394932284841,
        "total_pct": 40.23591087811271,
        "rescore_frac_of_total": 0.13897937024972842,
        "n_circuits": 6
      },
      "20": {
        "A": 373.8333333333333,
        "B": 357.8333333333333,
        "C": 225.0,
        "rescore_pct": 4.2799821667409725,
        "algo_pct": 35.53276861346411,
        "total_pct": 39.81275078020508,
        "rescore_frac_of_total": 0.10750279955207168,
        "n_circuits": 6
      },
      "40": {
        "A": 365.3333333333333,
        "B": 346.5,
        "C": 225.0,
        "rescore_pct": 5.15510948905109,
        "algo_pct": 33.25729927007299,
        "total_pct": 38.412408759124084,
        "rescore_frac_of_total": 0.1342042755344417,
        "n_circuits": 6
      },
      "60": {
        "A": 368.6666666666667,
        "B": 341.8333333333333,
        "C": 225.0,
        "rescore_pct": 7.278481012658237,
        "algo_pct": 31.69077757685352,
        "total_pct": 38.96925858951175,
        "rescore_frac_of_total": 0.18677494199535988,
        "n_circuits": 6
      }
    }
  },
  "ring8/qv": {
    "topology": "ring8",
    "family": "qv",
    "lam": 0.005,
    "n_qubits": 8,
    "n_circuits": 6,
    "K_values": [
      5,
      10,
      20,
      40,
      60
    ],
    "K_max": 60,
    "per_K": {
      "5": {
        "A": 126.33333333333333,
        "B": 125.33333333333333,
        "C": 114.66666666666667,
        "rescore_pct": 0.79155672823219,
        "algo_pct": 8.443271767810018,
        "total_pct": 9.234828496042208,
        "rescore_frac_of_total": 0.08571428571428578,
        "n_circuits": 6
      },
      "10": {
        "A": 124.0,
        "B": 121.66666666666667,
        "C": 113.0,
        "rescore_pct": 1.881720430107523,
        "algo_pct": 6.989247311827961,
        "total_pct": 8.870967741935484,
        "rescore_frac_of_total": 0.21212121212121168,
        "n_circuits": 6
      },
      "20": {
        "A": 123.33333333333333,
        "B": 121.0,
        "C": 113.0,
        "rescore_pct": 1.8918918918918881,
        "algo_pct": 6.486486486486487,
        "total_pct": 8.378378378378374,
        "rescore_frac_of_total": 0.22580645161290286,
        "n_circuits": 6
      },
      "40": {
        "A": 118.66666666666667,
        "B": 118.33333333333333,
        "C": 113.0,
        "rescore_pct": 0.28089887640450234,
        "algo_pct": 4.494382022471905,
        "total_pct": 4.775280898876408,
        "rescore_frac_of_total": 0.05882352941176633,
        "n_circuits": 6
      },
      "60": {
        "A": 119.66666666666667,
        "B": 118.33333333333333,
        "C": 113.0,
        "rescore_pct": 1.1142061281337126,
        "algo_pct": 4.456824512534815,
        "total_pct": 5.5710306406685275,
        "rescore_frac_of_total": 0.2000000000000013,
        "n_circuits": 6
      }
    }
  },
  "ring12/qv": {
    "topology": "ring12",
    "family": "qv",
    "lam": 0.02,
    "n_qubits": 12,
    "n_circuits": 6,
    "K_values": [
      5,
      10,
      20,
      40,
      60
    ],
    "K_max": 60,
    "per_K": {
      "5": {
        "A": 272.0,
        "B": 265.0,
        "C": 257.3333333333333,
        "rescore_pct": 2.573529411764706,
        "algo_pct": 2.818627450980399,
        "total_pct": 5.392156862745105,
        "rescore_frac_of_total": 0.4772727272727267,
        "n_circuits": 6
      },
      "10": {
        "A": 268.6666666666667,
        "B": 257.3333333333333,
        "C": 251.66666666666666,
        "rescore_pct": 4.2183622828784255,
        "algo_pct": 2.109181141439202,
        "total_pct": 6.327543424317628,
        "rescore_frac_of_total": 0.6666666666666677,
        "n_circuits": 6
      },
      "20": {
        "A": 270.6666666666667,
        "B": 253.33333333333334,
        "C": 247.66666666666666,
        "rescore_pct": 6.403940886699511,
        "algo_pct": 2.0935960591133074,
        "total_pct": 8.497536945812817,
        "rescore_frac_of_total": 0.7536231884057966,
        "n_circuits": 6
      },
      "40": {
        "A": 267.6666666666667,
        "B": 251.0,
        "C": 243.66666666666666,
        "rescore_pct": 6.226650062266507,
        "algo_pct": 2.7397260273972637,
        "total_pct": 8.96637608966377,
        "rescore_frac_of_total": 0.6944444444444444,
        "n_circuits": 6
      },
      "60": {
        "A": 267.6666666666667,
        "B": 245.33333333333334,
        "C": 241.66666666666666,
        "rescore_pct": 8.343711083437114,
        "algo_pct": 1.3698630136986372,
        "total_pct": 9.71357409713575,
        "rescore_frac_of_total": 0.8589743589743584,
        "n_circuits": 6
      }
    }
  },
  "grid3x3/qv": {
    "topology": "grid3x3",
    "family": "qv",
    "lam": 0.1,
    "n_qubits": 9,
    "n_circuits": 6,
    "K_values": [
      5,
      10,
      20,
      40,
      60
    ],
    "K_max": 60,
    "per_K": {
      "5": {
        "A": 158.66666666666666,
        "B": 156.0,
        "C": 147.33333333333334,
        "rescore_pct": 1.680672268907557,
        "algo_pct": 5.462184873949574,
        "total_pct": 7.142857142857132,
        "rescore_frac_of_total": 0.23529411764705838,
        "n_circuits": 6
      },
      "10": {
        "A": 160.66666666666666,
        "B": 155.33333333333334,
        "C": 141.0,
        "rescore_pct": 3.319502074688785,
        "algo_pct": 8.921161825726148,
        "total_pct": 12.240663900414932,
        "rescore_frac_of_total": 0.27118644067796527,
        "n_circuits": 6
      },
      "20": {
        "A": 154.66666666666666,
        "B": 148.66666666666666,
        "C": 131.33333333333334,
        "rescore_pct": 3.8793103448275863,
        "algo_pct": 11.206896551724126,
        "total_pct": 15.086206896551712,