{
  "grid3x3": {
    "topology": "grid3x3",
    "n_circuits": 12,
    "sabre_mean": 32.0,
    "by_lambda": {
      "0.0": {
        "ms_mean": 41.5,
        "gain_pct": -29.6875,
        "p_ms_less": 0.994873046875
      },
      "0.005": {
        "ms_mean": 43.0,
        "gain_pct": -34.375,
        "p_ms_less": 0.9873046875
      },
      "0.01": {
        "ms_mean": 43.0,
        "gain_pct": -34.375,
        "p_ms_less": 0.9873046875
      },
      "0.02": {
        "ms_mean": 42.5,
        "gain_pct": -32.8125,
        "p_ms_less": 0.986572265625
      },
      "0.05": {
        "ms_mean": 43.5,
        "gain_pct": -35.9375,
        "p_ms_less": 0.9931640625
      },
      "0.1": {
        "ms_mean": 47.5,
        "gain_pct": -48.4375,
        "p_ms_less": 0.999755859375
      },
      "0.25": {
        "ms_mean": 51.0,
        "gain_pct": -59.375,
        "p_ms_less": 0.99951171875
      }
    }
  },
  "ring8": {
    "topology": "ring8",
    "n_circuits": 15,
    "sabre_mean": 46.0,
    "by_lambda": {
      "0.0": {
        "ms_mean": 45.2,
        "gain_pct": 1.7391304347826024,
        "p_ms_less": 0.43616142603510566
      },
      "0.005": {
        "ms_mean": 48.4,
        "gain_pct": -5.217391304347823,
        "p_ms_less": 0.7683301889197482
      },
      "0.01": {
        "ms_mean": 48.4,
        "gain_pct": -5.217391304347823,
        "p_ms_less": 0.7683301889197482
      },
      "0.02": {
        "ms_mean": 50.8,
        "gain_pct": -10.434782608695645,
        "p_ms_less": 0.9404292844900141
      },
      "0.05": {
        "ms_mean": 50.0,
        "gain_pct": -8.695652173913043,
        "p_ms_less": 0.9576203474918986
      },
      "0.1": {
        "ms_mean": 54.0,
        "gain_pct": -17.391304347826086,
        "p_ms_less": 0.9869081759514656
      },
      "0.25": {
        "ms_mean": 52.0,
        "gain_pct": -13.043478260869565,
        "p_ms_less": 0.987999273053831
      }
    }
  },
  "grid4x4": {
    "topology": "grid4x4",
    "n_circuits": 10,
    "sabre_mean": 181.2,
    "by_lambda": {
      "0.0": {
        "ms_mean": 209.4,
        "gain_pct": -15.562913907284779,
        "p_ms_less": 0.9970703125
      },
      "0.005": {
        "ms_mean": 161.4,
        "gain_pct": 10.927152317880786,
        "p_ms_less": 0.009765625
      },
      "0.01": {
        "ms_mean": 170.4,
        "gain_pct": 5.960264900662242,
        "p_ms_less": 0.1064453125
      },
      "0.02": {
        "ms_mean": 175.8,
        "gain_pct": 2.9801324503311135,
        "p_ms_less": 0.23828125
      },
      "0.05": {
        "ms_mean": 180.6,
        "gain_pct": 0.3311258278145664,
        "p_ms_less": 0.4375
      },
      "0.1": {
        "ms_mean": 189.0,
        "gain_pct": -4.30463576158941,
        "p_ms_less": 1.0
      },
      "0.25": {
        "ms_mean": 181.2,
        "gain_pct": 0.0,
        "p_ms_less": 1.0
      }
    }
  },
  "heavy_hex2": {
    "topology": "heavy_hex2",
    "n_circuits": 10,
    "sabre_mean": 177.0,
    "by_lambda": {
      "0.0": {
        "ms_mean": 200.4,
        "gain_pct": -13.22033898305085,
        "p_ms_less": 1.0
      },
      "0.005": {
        "ms_mean": 164.4,
        "gain_pct": 7.118644067796607,
        "p_ms_less": 0.046875
      },
      "0.01": {
        "ms_mean": 169.8,
        "gain_pct": 4.067796610169485,
        "p_ms_less": 0.16015625
      },
      "0.02": {
        "ms_mean": 162.0,
        "gain_pct": 8.474576271186441,
        "p_ms_less": 0.0390625
      },
      "0.05": {
        "ms_mean": 174.6,
        "gain_pct": 1.3559322033898338,
        "p_ms_less": 0.4375
      },
      "0.1": {
        "ms_mean": 179.4,
        "gain_pct": -1.3559322033898338,
        "p_ms_less": 1.0
      },
      "0.25": {
        "ms_mean": 177.0,
        "gain_pct": 0.0,
        "p_ms_less": 1.0
      }
    }
  }
}