{
  "linear7/qft": {
    "topology": "linear7",
    "family": "qft",
    "lambda_mean": 0.09208333333333335,
    "lambda_per_circuit": [
      0.1,
      0.1,
      0.1,
      0.005,
      0.1,
      0.1,
      0.1,
      0.1,
      0.1,
      0.1,
      0.1,
      0.1
    ],
    "n_qubits": 7,
    "n_circuits": 12,
    "sabre_lookahead_k20_mean": 156.0,
    "ms_k20_mean": 116.75,
    "gain_pct": 25.16025641025641,
    "p_ms_less": 0.000244140625
  },
  "ring8/qft": {
    "topology": "ring8",
    "family": "qft",
    "lambda_mean": 0.20916666666666664,
    "lambda_per_circuit": [
      0.25,
      0.25,
      0.25,
      0.25,
      0.25,
      0.25,
      0.005,
      0.005,
      0.25,
      0.25,
      0.25,
      0.25
    ],
    "n_qubits": 8,
    "n_circuits": 12,
    "sabre_lookahead_k20_mean": 159.5,
    "ms_k20_mean": 142.0,
    "gain_pct": 10.9717868338558,
    "p_ms_less": 0.000244140625
  },
  "ring12/qft": {
    "topology": "ring12",
    "family": "qft",
    "lambda_mean": 0.014500000000000002,
    "lambda_per_circuit": [
      0.005,
      0.005,
      0.005,
      0.005,
      0.005,
      0.1,
      0.005,
      0.005,
      0.005,
      0.005
    ],
    "n_qubits": 12,
    "n_circuits": 10,
    "sabre_lookahead_k20_mean": 354.1,
    "ms_k20_mean": 227.7,
    "gain_pct": 35.696131036430394,
    "p_ms_less": 0.0009765625
  },
  "grid3x3/qft": {
    "topology": "grid3x3",
    "family": "qft",
    "lambda_mean": 0.16708333333333333,
    "lambda_per_circuit": [
      0.25,
      0.25,
      0.25,
      0.25,
      0.25,
      0.05,
      0.25,
      0.1,
      0.05,
      0.05,
      0.25,
      0.005
    ],
    "n_qubits": 9,
    "n_circuits": 12,
    "sabre_lookahead_k20_mean": 211.16666666666666,
    "ms_k20_mean": 176.58333333333334,
    "gain_pct": 16.37726913970007,
    "p_ms_less": 0.000244140625
  },
  "grid4x4/qft": {
    "topology": "grid4x4",
    "family": "qft",
    "lambda_mean": 0.016875,
    "lambda_per_circuit": [
      0.01,
      0.005,
      0.02,
      0.02,
      0.01,
      0.01,
      0.01,
      0.05
    ],
    "n_qubits": 16,
    "n_circuits": 8,
    "sabre_lookahead_k20_mean": 494.0,
    "ms_k20_mean": 430.125,
    "gain_pct": 12.930161943319838,
    "p_ms_less": 0.00390625
  },
  "heavy_hex2/qft": {
    "topology": "heavy_hex2",
    "family": "qft",
    "lambda_mean": 0.019375000000000003,
    "lambda_per_circuit": [
      0.005,
      0.01,
      0.01,
      0.01,
      0.01,
      0.05,
      0.01,
      0.05
    ],
    "n_qubits": 14,
    "n_circuits": 8,
    "sabre_lookahead_k20_mean": 386.875,
    "ms_k20_mean": 355.5,
    "gain_pct": 8.109854604200324,
    "p_ms_less": 0.00390625
  },
  "linear7/qv": {
    "topology": "linear7",
    "family": "qv",
    "lambda_mean": 0.0325,
    "lambda_per_circuit": [
      0.25,
      0.005,
      0.0,
      0.005,
      0.0,
      0.005,
      0.005,
      0.005,
      0.005,
      0.005,
      0.005,
      0.1
    ],
    "n_qubits": 7,
    "n_circuits": 12,
    "sabre_lookahead_k20_mean": 117.0,
    "ms_k20_mean": 110.33333333333333,
    "gain_pct": 5.698005698005702,
    "p_ms_less": 0.0234375
  },
  "linear9/qv": {
    "topology": "linear9",
    "family": "qv",
    "lambda_mean": 0.04958333333333334,
    "lambda_per_circuit": [
      0.05,
      0.005,
      0.05,
      0.05,
      0.05,
      0.1,
      0.005,
      0.25,
      0.005,
      0.005,
      0.005,
      0.02
    ],
    "n_qubits": 9,
    "n_circuits": 12,
    "sabre_lookahead_k20_mean": 190.16666666666666,
    "ms_k20_mean": 179.08333333333334,
    "gain_pct": 5.828220858895696,
    "p_ms_less": 0.00927734375
  },
  "ring8/qv": {
    "topology": "ring8",
    "family": "qv",
    "lambda_mean": 0.030833333333333334,
    "lambda_per_circuit": [
      0.0,
      0.0,
      0.25,
      0.0,
      0.005,
      0.005,
      0.0,
      0.005,
      0.0,
      0.0,
      0.1,
      0.005
    ],
    "n_qubits": 8,
    "n_circuits": 12,
    "sabre_lookahead_k20_mean": 116.0,
    "ms_k20_mean": 109.5,
    "gain_pct": 5.603448275862069,
    "p_ms_less": 0.00390625
  },
  "ring12/qv": {
    "topology": "ring12",
    "family": "qv",
    "lambda_mean": 0.06599999999999999,
    "lambda_per_circuit": [
      0.005,
      0.05,
      0.25,
      0.05,
      0.0,
      0.05,
      0.005,
      0.05,
      0.1,
      0.1
    ],
    "n_qubits": 12,
    "n_circuits": 10,
    "sabre_lookahead_k20_mean": 258.5,
    "ms_k20_mean": 240.4,
    "gain_pct": 7.001934235976788,
    "p_ms_less": 0.005859375
  },
  "grid3x3/qv": {
    "topology": "grid3x3",
    "family": "qv",
    "lambda_mean": 0.09375,
    "lambda_per_circuit": [
      0.25,
      0.005,
      0.25,
      0.1,
      0.05,
      0.25,
      0.005,
      0.005,
      0.005,
      0.1,
      0.005,
      0.1
    ],
    "n_qubits": 9,
    "n_circuits": 12,
    "sabre_lookahead_k20_mean": 146.16666666666666,
    "ms_k20_mean": 129.33333333333334,
    "gain_pct": 11.516533637400215,
    "p_ms_less": 0.00341796875
  },
  "grid4x4/qv": {
    "topology": "grid4x4",
    "family": "qv",
    "lambda_mean": 0.05625,
    "lambda_per_circuit": [
      0.05,
      0.05,
      0.1,
      0.05,
      0.05,
      0.05,
      0.05,
      0.05
    ],
    "n_qubits": 16,
    "n_circuits": 8,
    "sabre_lookahead_k20_mean": 519.875,
    "ms_k20_mean": 415.0,
    "gain_pct": 20.173118538110124,
    "p_ms_less": 0.00390625
  },
  "heavy_hex2/qv": {
    "topology": "heavy_hex2",
    "family": "qv",
    "lambda_mean": 0.035625000000000004,
    "lambda_per_circuit": [
      0.1,
      0.05,
      0.0,
      0.0,
      0.01,
      0.02,
      0.1,
      0.005
    ],
    "n_qubits": 14,
    "n_circuits": 8,
    "sabre_lookahead_k20_mean": 418.0,
    "ms_k20_mean": 383.25,
    "gain_pct": 8.313397129186603,
    "p_ms_less": 0.02734375
  },
  "ring8/vqe": {
    "topology": "ring8",
    "family": "vqe",
    "lambda_mean": 0.1875,
    "lambda_per_circuit": [
      0.05,
      0.25,
      0.25,
      0.25,
      0.25,
      0.25,
      0.05,
      0.25,
      0.25,
      0.25,
      0.05,
      0.1
    ],
    "n_qubits": 8,
    "n_circuits": 12,
    "sabre_lookahead_k20_mean": 205.5,
    "ms_k20_mean": 144.75,
    "gain_pct": 29.562043795620436,
    "p_ms_less": 0.000244140625
  },
  "grid3x3/vqe": {
    "topology": "grid3x3",
    "family": "vqe",
    "lambda_mean": 0.09625000000000002,
    "lambda_per_circuit": [
      0.005,
      0.05,
      0.25,
      0.05,
      0.1,
      0.1,
      0.25,
      0.05,
      0.05,
      0.1,
      0.05,
      0.1
    ],
    "n_qubits": 9,
    "n_circuits": 12,
    "sabre_lookahead_k20_mean": 225.5,
    "ms_k20_mean": 185.75,
    "gain_pct": 17.62749445676275,
    "p_ms_less": 0.000244140625
  },
  "grid4x4/vqe": {
    "topology": "grid4x4",
    "family": "vqe",
    "lambda_mean": 0.017499999999999998,
    "lambda_per_circuit": [
      0.005,
      0.05,
      0.01,
      0.02,
      0.01,
      0.02,
      0.005,
      0.02
    ],
    "n_qubits": 16,
    "n_circuits": 8,
    "sabre_lookahead_k20_mean": 471.5,
    "ms_k20_mean": 380.875,
    "gain_pct": 19.220572640509015,
    "p_ms_less": 0.00390625
  },
  "heavy_hex2/vqe": {
    "topology": "heavy_hex2",
    "family": "vqe",
    "lambda_mean": 0.01,
    "lambda_per_circuit": [
      0.005,
      0.02,
      0.01,
      0.005,
      0.02,
      0.005,
      0.01,
      0.005
    ],
    "n_qubits": 14,
    "n_circuits": 8,
    "sabre_lookahead_k20_mean": 406.125,
    "ms_k20_mean": 385.625,
    "gain_pct": 5.047706986765158,
    "p_ms_less": 0.01953125
  },
  "linear7/qaoa": {
    "topology": "linear7",
    "family": "qaoa",
    "lambda_mean": 0.043333333333333335,
    "lambda_per_circuit": [
      0.005,
      0.25,
      0.005,
      0.005,
      0.005,
      0.0,
      0.0,
      0.005,
      0.005,
      0.1,
      0.005,
      0.005,
      0.25,
      0.005,
      0.005
    ],
    "n_qubits": 7,
    "n_circuits": 15,
    "sabre_lookahead_k20_mean": 72.26666666666667,
    "ms_k20_mean": 69.33333333333333,