{
  "linear7/qft": {
    "topology": "linear7",
    "family": "qft",
    "lambda": 0.1,
    "n_qubits": 7,
    "n_circuits": 12,
    "by_calibration": {
      "heron_typical": {
        "sabre_mean_esp": 0.2501232132108499,
        "ms_mean_esp": 0.3615407718961025,
        "esp_ratio": 1.4454506931003217,
        "esp_uplift_pct": 44.54506931003216,
        "p_ms_greater": 0.000244140625
      },
      "eagle_typical": {
        "sabre_mean_esp": 0.057127275586642066,
        "ms_mean_esp": 0.12018598969736705,
        "esp_ratio": 2.1038284858357548,
        "esp_uplift_pct": 110.38284858357545,
        "p_ms_greater": 0.000244140625
      },
      "heron_best": {
        "sabre_mean_esp": 0.5225469917336127,
        "ms_mean_esp": 0.6257401379794311,
        "esp_ratio": 1.1974810837652372,
        "esp_uplift_pct": 19.748108376523724,
        "p_ms_greater": 0.000244140625
      }
    }
  },
  "ring8/qft": {
    "topology": "ring8",
    "family": "qft",
    "lambda": 0.1,
    "n_qubits": 8,
    "n_circuits": 12,
    "by_calibration": {
      "heron_typical": {
        "sabre_mean_esp": 0.20772301227768764,
        "ms_mean_esp": 0.2409641213584236,
        "esp_ratio": 1.1600261266975018,
        "esp_uplift_pct": 16.00261266975018,
        "p_ms_greater": 0.000244140625
      },
      "eagle_typical": {
        "sabre_mean_esp": 0.03903593069226483,
        "ms_mean_esp": 0.05226624850475853,
        "esp_ratio": 1.3389266651996425,
        "esp_uplift_pct": 33.89266651996426,
        "p_ms_greater": 0.000244140625
      },
      "heron_best": {
        "sabre_mean_esp": 0.4795886032729721,
        "ms_mean_esp": 0.5159038065296229,
        "esp_ratio": 1.0757215726329112,
        "esp_uplift_pct": 7.572157263291116,
        "p_ms_greater": 0.000244140625
      }
    }
  },
  "ring12/qft": {
    "topology": "ring12",
    "family": "qft",
    "lambda": 0.1,
    "n_qubits": 12,
    "n_circuits": 4,
    "by_calibration": {
      "heron_typical": {
        "sabre_mean_esp": 0.0017776806762667954,
        "ms_mean_esp": 0.03107497457360304,
        "esp_ratio": 17.480627982558598,
        "esp_uplift_pct": 1648.06279825586,
        "p_ms_greater": 0.0625
      },
      "eagle_typical": {
        "sabre_mean_esp": 2.5168050366235156e-06,
        "ms_mean_esp": 0.000771437897932902,
        "esp_ratio": 306.51476244971457,
        "esp_uplift_pct": 30551.476244971454,
        "p_ms_greater": 0.0625
      },
      "heron_best": {
        "sabre_mean_esp": 0.049225665328245155,
        "ms_mean_esp": 0.19753158672509485,
        "esp_ratio": 4.0127763719986405,
        "esp_uplift_pct": 301.27763719986405,
        "p_ms_greater": 0.0625
      }
    }
  },
  "grid3x3/qft": {
    "topology": "grid3x3",
    "family": "qft",
    "lambda": 0.05,
    "n_qubits": 9,
    "n_circuits": 12,
    "by_calibration": {
      "heron_typical": {
        "sabre_mean_esp": 0.08221163389879832,
        "ms_mean_esp": 0.1950552225813632,
        "esp_ratio": 2.3725987835429008,
        "esp_uplift_pct": 137.2598783542901,
        "p_ms_greater": 0.000244140625
      },
      "eagle_typical": {
        "sabre_mean_esp": 0.006178109399441137,
        "ms_mean_esp": 0.03454334077001992,
        "esp_ratio": 5.591247829496944,
        "esp_uplift_pct": 459.12478294969435,
        "p_ms_greater": 0.000244140625
      },
      "heron_best": {
        "sabre_mean_esp": 0.30326827376611737,
        "ms_mean_esp": 0.4636551177613528,
        "esp_ratio": 1.5288612686169967,
        "esp_uplift_pct": 52.88612686169966,
        "p_ms_greater": 0.000244140625
      }
    }
  },
  "grid4x4/qft": {
    "topology": "grid4x4",
    "family": "qft",
    "lambda": 0.05,
    "n_qubits": 16,
    "n_circuits": 1,
    "by_calibration": {
      "heron_typical": {
        "sabre_mean_esp": 3.877739997549006e-06,
        "ms_mean_esp": 0.0017922099398782934,
        "esp_ratio": 462.1789859585973,
        "esp_uplift_pct": 46117.89859585973,
        "p_ms_greater": 0.5
      },
      "eagle_typical": {
        "sabre_mean_esp": 9.306585666344045e-12,
        "ms_mean_esp": 2.125932164484796e-06,
        "esp_ratio": 228433.09466036828,
        "esp_uplift_pct": 22843209.46603683,
        "p_ms_greater": 0.5
      },
      "heron_best": {
        "sabre_mean_esp": 0.0024714156334427495,
        "ms_mean_esp": 0.05147780430851321,
        "esp_ratio": 20.82927841514186,
        "esp_uplift_pct": 1982.9278415141862,
        "p_ms_greater": 0.5
      }
    }
  },
  "heavy_hex2/qft": {
    "topology": "heavy_hex2",
    "family": "qft",
    "lambda": 0.05,
    "n_qubits": 14,
    "n_circuits": 2,
    "by_calibration": {
      "heron_typical": {
        "sabre_mean_esp": 0.0007909094034968095,
        "ms_mean_esp": 0.004003773855877199,
        "esp_ratio": 5.062240805553086,
        "esp_uplift_pct": 406.22408055530855,
        "p_ms_greater": 0.25
      },
      "eagle_typical": {
        "sabre_mean_esp": 4.464722489896081e-07,
        "ms_mean_esp": 1.1507312424367805e-05,
        "esp_ratio": 25.77385817463348,
        "esp_uplift_pct": 2477.385817463348,
        "p_ms_greater": 0.25
      },
      "heron_best": {
        "sabre_mean_esp": 0.0333916495082185,
        "ms_mean_esp": 0.07434595314906325,
        "esp_ratio": 2.226483394621308,
        "esp_uplift_pct": 122.64833946213082,
        "p_ms_greater": 0.25
      }
    }
  },
  "linear7/qv": {
    "topology": "linear7",
    "family": "qv",
    "lambda": 0.1,
    "n_qubits": 7,
    "n_circuits": 12,
    "by_calibration": {
      "heron_typical": {
        "sabre_mean_esp": 0.36235762016336404,
        "ms_mean_esp": 0.40122365051874365,
        "esp_ratio": 1.1072587636982973,
        "esp_uplift_pct": 10.725876369829724,
        "p_ms_greater": 0.088134765625
      },
      "eagle_typical": {
        "sabre_mean_esp": 0.12608296183162318,
        "ms_mean_esp": 0.1544956549537739,
        "esp_ratio": 1.2253491884184502,
        "esp_uplift_pct": 22.534918841845023,
        "p_ms_greater": 0.088134765625
      },
      "heron_best": {
        "sabre_mean_esp": 0.6215731882298258,
        "ms_mean_esp": 0.6512762152173586,
        "esp_ratio": 1.0477868536642063,
        "esp_uplift_pct": 4.778685366420623,
        "p_ms_greater": 0.101806640625
      }
    }
  },
  "linear9/qv": {
    "topology": "linear9",
    "family": "qv",
    "lambda": 0.1,
    "n_qubits": 9,
    "n_circuits": 12,
    "by_calibration": {
      "heron_typical": {
        "sabre_mean_esp": 0.11638986278356928,
        "ms_mean_esp": 0.12381393564587932,
        "esp_ratio": 1.0637862498052373,
        "esp_uplift_pct": 6.3786249805237345,
        "p_ms_greater": 0.2119140625
      },
      "eagle_typical": {
        "sabre_mean_esp": 0.012655879480667447,
        "ms_mean_esp": 0.014310863221118008,
        "esp_ratio": 1.1307679757047813,
        "esp_uplift_pct": 13.07679757047813,
        "p_ms_greater": 0.23486328125
      },
      "heron_best": {
        "sabre_mean_esp": 0.36584879686882715,
        "ms_mean_esp": 0.3758307962136443,
        "esp_ratio": 1.0272844941140975,
        "esp_uplift_pct": 2.728449411409742,
        "p_ms_greater": 0.25927734375
      }
    }
  },
  "ring8/qv": {
    "topology": "ring8",
    "family": "qv",
    "lambda": 0.1,
    "n_qubits": 8,
    "n_circuits": 12,
    "by_calibration": {
      "heron_typical": {
        "sabre_mean_esp": 0.2854275758106698,
        "ms_mean_esp": 0.3860328520862745,
        "esp_ratio": 1.352472167378594,
        "esp_uplift_pct": 35.247216737859404,
        "p_ms_greater": 0.00048828125
      },
      "eagle_typical": {
        "sabre_mean_esp": 0.0767234479154257,
        "ms_mean_esp": 0.13933552550216807,
        "esp_ratio": 1.8160748674350682,
        "esp_uplift_pct": 81.60748674350681,
        "p_ms_greater": 0.00048828125
      },
      "heron_best": {
        "sabre_mean_esp": 0.5579552820114291,
        "ms_mean_esp": 0.6428889278499842,
        "esp_ratio": 1.1522230339542074,