{
  "linear7/qft": {
    "topology": "linear7",
    "family": "qft",
    "lambda": 0.1,
    "n_qubits": 7,
    "n_circuits": 12,
    "sabre_lookahead_k20_mean": 160.25,
    "ms_k20_mean": 150.75,
    "gain_pct": 5.928237129485179,
    "p_ms_less": 0.000244140625
  },
  "ring8/qft": {
    "topology": "ring8",
    "family": "qft",
    "lambda": 0.1,
    "n_qubits": 8,
    "n_circuits": 12,
    "sabre_lookahead_k20_mean": 172.0,
    "ms_k20_mean": 188.91666666666666,
    "gain_pct": -9.83527131782945,
    "p_ms_less": 1.0
  },
  "ring12/qft": {
    "topology": "ring12",
    "family": "qft",
    "lambda": 0.1,
    "n_qubits": 12,
    "n_circuits": 10,
    "sabre_lookahead_k20_mean": 349.8,
    "ms_k20_mean": 335.3,
    "gain_pct": 4.145225843339051,
    "p_ms_less": 0.0048828125
  },
  "grid3x3/qft": {
    "topology": "grid3x3",
    "family": "qft",
    "lambda": 0.05,
    "n_qubits": 9,
    "n_circuits": 12,
    "sabre_lookahead_k20_mean": 200.75,
    "ms_k20_mean": 180.75,
    "gain_pct": 9.962640099626402,
    "p_ms_less": 0.000244140625
  },
  "grid4x4/qft": {
    "topology": "grid4x4",
    "family": "qft",
    "lambda": 0.05,
    "n_qubits": 16,
    "n_circuits": 8,
    "sabre_lookahead_k20_mean": 475.75,
    "ms_k20_mean": 445.375,
    "gain_pct": 6.384655806621125,
    "p_ms_less": 0.01171875
  },
  "heavy_hex2/qft": {
    "topology": "heavy_hex2",
    "family": "qft",
    "lambda": 0.05,
    "n_qubits": 14,
    "n_circuits": 8,
    "sabre_lookahead_k20_mean": 388.0,
    "ms_k20_mean": 397.0,
    "gain_pct": -2.3195876288659796,
    "p_ms_less": 0.90625
  },
  "linear7/qv": {
    "topology": "linear7",
    "family": "qv",
    "lambda": 0.1,
    "n_qubits": 7,
    "n_circuits": 12,
    "sabre_lookahead_k20_mean": 134.66666666666666,
    "ms_k20_mean": 134.16666666666666,
    "gain_pct": 0.37128712871287134,
    "p_ms_less": 0.54296875
  },
  "linear9/qv": {
    "topology": "linear9",
    "family": "qv",
    "lambda": 0.1,
    "n_qubits": 9,
    "n_circuits": 12,
    "sabre_lookahead_k20_mean": 212.5,
    "ms_k20_mean": 212.16666666666666,
    "gain_pct": 0.15686274509804368,
    "p_ms_less": 0.552490234375
  },
  "ring8/qv": {
    "topology": "ring8",
    "family": "qv",
    "lambda": 0.1,
    "n_qubits": 8,
    "n_circuits": 12,
    "sabre_lookahead_k20_mean": 136.41666666666666,
    "ms_k20_mean": 145.16666666666666,
    "gain_pct": -6.414172266340868,
    "p_ms_less": 0.99609375
  },
  "ring12/qv": {
    "topology": "ring12",
    "family": "qv",
    "lambda": 0.1,
    "n_qubits": 12,
    "n_circuits": 10,
    "sabre_lookahead_k20_mean": 290.8,
    "ms_k20_mean": 286.4,
    "gain_pct": 1.5130674002751148,
    "p_ms_less": 0.24609375
  },
  "grid3x3/qv": {
    "topology": "grid3x3",
    "family": "qv",
    "lambda": 0.05,
    "n_qubits": 9,
    "n_circuits": 12,
    "sabre_lookahead_k20_mean": 159.41666666666666,
    "ms_k20_mean": 153.58333333333334,
    "gain_pct": 3.6591740721379913,
    "p_ms_less": 0.105224609375
  },
  "grid4x4/qv": {
    "topology": "grid4x4",
    "family": "qv",
    "lambda": 0.05,
    "n_qubits": 16,
    "n_circuits": 8,
    "sabre_lookahead_k20_mean": 541.625,
    "ms_k20_mean": 430.625,
    "gain_pct": 20.493884144934224,
    "p_ms_less": 0.00390625
  },
  "heavy_hex2/qv": {
    "topology": "heavy_hex2",
    "family": "qv",
    "lambda": 0.05,
    "n_qubits": 14,
    "n_circuits": 8,
    "sabre_lookahead_k20_mean": 452.625,
    "ms_k20_mean": 411.25,
    "gain_pct": 9.141121237227285,
    "p_ms_less": 0.0078125
  },
  "ring8/vqe": {
    "topology": "ring8",
    "family": "vqe",
    "lambda": 0.1,
    "n_qubits": 8,
    "n_circuits": 12,
    "sabre_lookahead_k20_mean": 209.0,
    "ms_k20_mean": 182.33333333333334,
    "gain_pct": 12.759170653907491,
    "p_ms_less": 0.000244140625
  },
  "grid3x3/vqe": {
    "topology": "grid3x3",
    "family": "vqe",
    "lambda": 0.05,
    "n_qubits": 9,
    "n_circuits": 12,
    "sabre_lookahead_k20_mean": 216.66666666666666,
    "ms_k20_mean": 184.16666666666666,
    "gain_pct": 15.0,
    "p_ms_less": 0.000244140625
  },
  "grid4x4/vqe": {
    "topology": "grid4x4",
    "family": "vqe",
    "lambda": 0.05,
    "n_qubits": 16,
    "n_circuits": 1,
    "sabre_lookahead_k20_mean": 506.0,
    "ms_k20_mean": 340.0,
    "gain_pct": 32.80632411067194,
    "p_ms_less": 0.5
  },
  "linear7/qaoa": {
    "topology": "linear7",
    "family": "qaoa",
    "lambda": 0.005,
    "n_qubits": 7,
    "n_circuits": 15,
    "sabre_lookahead_k20_mean": 61.733333333333334,
    "ms_k20_mean": 62.06666666666667,
    "gain_pct": -0.5399568034557274,
    "p_ms_less": 0.7147204049115403
  },
  "linear9/qaoa": {
    "topology": "linear9",
    "family": "qaoa",
    "lambda": 0.005,
    "n_qubits": 9,
    "n_circuits": 15,
    "sabre_lookahead_k20_mean": 101.73333333333333,
    "ms_k20_mean": 100.8,
    "gain_pct": 0.9174311926605542,
    "p_ms_less": 0.44984589655951873
  },
  "ring8/qaoa": {
    "topology": "ring8",
    "family": "qaoa",
    "lambda": 0.005,
    "n_qubits": 8,
    "n_circuits": 15,
    "sabre_lookahead_k20_mean": 72.4,
    "ms_k20_mean": 68.46666666666667,
    "gain_pct": 5.432780847145493,
    "p_ms_less": 0.03526850975150549
  },
  "ring12/qaoa": {
    "topology": "ring12",
    "family": "qaoa",
    "lambda": 0.005,
    "n_qubits": 12,
    "n_circuits": 12,
    "sabre_lookahead_k20_mean": 163.83333333333334,
    "ms_k20_mean": 157.25,
    "gain_pct": 4.018311291963383,
    "p_ms_less": 0.0546875
  },
  "grid3x3/qaoa": {
    "topology": "grid3x3",
    "family": "qaoa",
    "lambda": 0.005,
    "n_qubits": 9,
    "n_circuits": 12,
    "sabre_lookahead_k20_mean": 81.25,
    "ms_k20_mean": 75.0,
    "gain_pct": 7.6923076923076925,
    "p_ms_less": 0.00048828125
  },
  "grid4x4/qaoa": {
    "topology": "grid4x4",
    "family": "qaoa",
    "lambda": 0.005,
    "n_qubits": 16,
    "n_circuits": 8,
    "sabre_lookahead_k20_mean": 234.75,
    "ms_k20_mean": 207.25,
    "gain_pct": 11.714589989350372,
    "p_ms_less": 0.00390625
  },
  "heavy_hex2/qaoa": {
    "topology": "heavy_hex2",
    "family": "qaoa",
    "lambda": 0.005,
    "n_qubits": 14,
    "n_circuits": 8,
    "sabre_lookahead_k20_mean": 193.0,
    "ms_k20_mean": 186.375,
    "gain_pct": 3.4326424870466323,
    "p_ms_less": 0.1015625
  }
}