{
  "linear7/qft": {
    "topology": "linear7",
    "family": "qft",
    "lambda": 0.1,
    "n_qubits": 7,
    "n_circuits": 12,
    "sabre_lookahead_k20_mean": 156.0,
    "ms_k20_mean": 116.25,
    "gain_pct": 25.48076923076923,
    "p_ms_less": 0.000244140625
  },
  "ring8/qft": {
    "topology": "ring8",
    "family": "qft",
    "lambda": 0.1,
    "n_qubits": 8,
    "n_circuits": 12,
    "sabre_lookahead_k20_mean": 159.5,
    "ms_k20_mean": 148.83333333333334,
    "gain_pct": 6.687565308254957,
    "p_ms_less": 0.000244140625
  },
  "ring12/qft": {
    "topology": "ring12",
    "family": "qft",
    "lambda": 0.1,
    "n_qubits": 12,
    "n_circuits": 10,
    "sabre_lookahead_k20_mean": 354.1,
    "ms_k20_mean": 230.9,
    "gain_pct": 34.79243151652076,
    "p_ms_less": 0.0009765625
  },
  "grid3x3/qft": {
    "topology": "grid3x3",
    "family": "qft",
    "lambda": 0.05,
    "n_qubits": 9,
    "n_circuits": 12,
    "sabre_lookahead_k20_mean": 211.16666666666666,
    "ms_k20_mean": 132.16666666666666,
    "gain_pct": 37.41120757695344,
    "p_ms_less": 0.000244140625
  },
  "grid4x4/qft": {
    "topology": "grid4x4",
    "family": "qft",
    "lambda": 0.05,
    "n_qubits": 16,
    "n_circuits": 8,
    "sabre_lookahead_k20_mean": 494.0,
    "ms_k20_mean": 301.75,
    "gain_pct": 38.917004048582996,
    "p_ms_less": 0.00390625
  },
  "heavy_hex2/qft": {
    "topology": "heavy_hex2",
    "family": "qft",
    "lambda": 0.05,
    "n_qubits": 14,
    "n_circuits": 8,
    "sabre_lookahead_k20_mean": 386.875,
    "ms_k20_mean": 297.875,
    "gain_pct": 23.004846526655896,
    "p_ms_less": 0.00390625
  },
  "linear7/qv": {
    "topology": "linear7",
    "family": "qv",
    "lambda": 0.1,
    "n_qubits": 7,
    "n_circuits": 12,
    "sabre_lookahead_k20_mean": 117.0,
    "ms_k20_mean": 98.58333333333333,
    "gain_pct": 15.740740740740746,
    "p_ms_less": 0.0009765625
  },
  "linear9/qv": {
    "topology": "linear9",
    "family": "qv",
    "lambda": 0.1,
    "n_qubits": 9,
    "n_circuits": 12,
    "sabre_lookahead_k20_mean": 190.16666666666666,
    "ms_k20_mean": 163.66666666666666,
    "gain_pct": 13.935144609991237,
    "p_ms_less": 0.000244140625
  },
  "ring8/qv": {
    "topology": "ring8",
    "family": "qv",
    "lambda": 0.1,
    "n_qubits": 8,
    "n_circuits": 12,
    "sabre_lookahead_k20_mean": 116.0,
    "ms_k20_mean": 91.58333333333333,
    "gain_pct": 21.048850574712645,
    "p_ms_less": 0.001220703125
  },
  "ring12/qv": {
    "topology": "ring12",
    "family": "qv",
    "lambda": 0.1,
    "n_qubits": 12,
    "n_circuits": 10,
    "sabre_lookahead_k20_mean": 258.5,
    "ms_k20_mean": 213.3,
    "gain_pct": 17.48549323017408,
    "p_ms_less": 0.0009765625
  },
  "grid3x3/qv": {
    "topology": "grid3x3",
    "family": "qv",
    "lambda": 0.05,
    "n_qubits": 9,
    "n_circuits": 12,
    "sabre_lookahead_k20_mean": 146.16666666666666,
    "ms_k20_mean": 93.33333333333333,
    "gain_pct": 36.14595210946408,
    "p_ms_less": 0.000244140625
  },
  "grid4x4/qv": {
    "topology": "grid4x4",
    "family": "qv",
    "lambda": 0.05,
    "n_qubits": 16,
    "n_circuits": 8,
    "sabre_lookahead_k20_mean": 519.875,
    "ms_k20_mean": 316.625,
    "gain_pct": 39.095936523202695,
    "p_ms_less": 0.00390625
  },
  "heavy_hex2/qv": {
    "topology": "heavy_hex2",
    "family": "qv",
    "lambda": 0.05,
    "n_qubits": 14,
    "n_circuits": 8,
    "sabre_lookahead_k20_mean": 418.0,
    "ms_k20_mean": 307.25,
    "gain_pct": 26.495215311004785,
    "p_ms_less": 0.00390625
  },
  "ring8/vqe": {
    "topology": "ring8",
    "family": "vqe",
    "lambda": 0.1,
    "n_qubits": 8,
    "n_circuits": 12,
    "sabre_lookahead_k20_mean": 205.5,
    "ms_k20_mean": 144.5,
    "gain_pct": 29.683698296836983,
    "p_ms_less": 0.000244140625
  },
  "grid3x3/vqe": {
    "topology": "grid3x3",
    "family": "vqe",
    "lambda": 0.05,
    "n_qubits": 9,
    "n_circuits": 12,
    "sabre_lookahead_k20_mean": 225.5,
    "ms_k20_mean": 190.58333333333334,
    "gain_pct": 15.484109386548406,
    "p_ms_less": 0.000244140625
  },
  "grid4x4/vqe": {
    "topology": "grid4x4",
    "family": "vqe",
    "lambda": 0.05,
    "n_qubits": 16,
    "n_circuits": 1,
    "sabre_lookahead_k20_mean": 487.0,
    "ms_k20_mean": 362.0,
    "gain_pct": 25.66735112936345,
    "p_ms_less": 0.5
  },
  "linear7/qaoa": {
    "topology": "linear7",
    "family": "qaoa",
    "lambda": 0.005,
    "n_qubits": 7,
    "n_circuits": 15,
    "sabre_lookahead_k20_mean": 72.26666666666667,
    "ms_k20_mean": 59.666666666666664,
    "gain_pct": 17.435424354243544,
    "p_ms_less": 0.0003225579218963121
  },
  "linear9/qaoa": {
    "topology": "linear9",
    "family": "qaoa",
    "lambda": 0.005,
    "n_qubits": 9,
    "n_circuits": 15,
    "sabre_lookahead_k20_mean": 115.93333333333334,
    "ms_k20_mean": 92.0,
    "gain_pct": 20.644048303622775,
    "p_ms_less": 0.0003258330403069556
  },
  "ring8/qaoa": {
    "topology": "ring8",
    "family": "qaoa",
    "lambda": 0.005,
    "n_qubits": 8,
    "n_circuits": 15,
    "sabre_lookahead_k20_mean": 83.26666666666667,
    "ms_k20_mean": 64.53333333333333,
    "gain_pct": 22.497998398718977,
    "p_ms_less": 0.0003250121193590314
  },
  "ring12/qaoa": {
    "topology": "ring12",
    "family": "qaoa",
    "lambda": 0.005,
    "n_qubits": 12,
    "n_circuits": 12,
    "sabre_lookahead_k20_mean": 189.58333333333334,
    "ms_k20_mean": 139.83333333333334,
    "gain_pct": 26.24175824175824,
    "p_ms_less": 0.000244140625
  },
  "grid3x3/qaoa": {
    "topology": "grid3x3",
    "family": "qaoa",
    "lambda": 0.005,
    "n_qubits": 9,
    "n_circuits": 12,
    "sabre_lookahead_k20_mean": 100.33333333333333,
    "ms_k20_mean": 66.25,
    "gain_pct": 33.970099667774086,
    "p_ms_less": 0.000244140625
  },
  "grid4x4/qaoa": {
    "topology": "grid4x4",
    "family": "qaoa",
    "lambda": 0.005,
    "n_qubits": 16,
    "n_circuits": 8,
    "sabre_lookahead_k20_mean": 276.0,
    "ms_k20_mean": 165.25,
    "gain_pct": 40.1268115942029,
    "p_ms_less": 0.00390625
  },
  "heavy_hex2/qaoa": {
    "topology": "heavy_hex2",
    "family": "qaoa",
    "lambda": 0.005,
    "n_qubits": 14,
    "n_circuits": 8,
    "sabre_lookahead_k20_mean": 225.0,
    "ms_k20_mean": 144.0,
    "gain_pct": 36.0,
    "p_ms_less": 0.00390625
  }
}