{
  "linear5/qft": {
    "topology": "linear5",
    "family": "qft",
    "lambda": 0.25,
    "n_circuits": 20,
    "n_qubits": 5,
    "circuit_length": 10,
    "sabre_k1_ms": 0.6530550002935342,
    "sabre_k20_ms": 12.626839999575168,
    "ms_k1_ms": 0.30104000034043565,
    "ms_k20_ms": 6.770359999791253,
    "k1_overhead_vs_sabre_k1": 0.4609718939524613,
    "k20_overhead_vs_sabre_k20": 0.5361879931969553,
    "k20_overhead_vs_sabre_k1": 10.36721255751525
  },
  "ring12/qft": {
    "topology": "ring12",
    "family": "qft",
    "lambda": 0.25,
    "n_circuits": 20,
    "n_qubits": 12,
    "circuit_length": 66,
    "sabre_k1_ms": 1.5901100006885827,
    "sabre_k20_ms": 30.818014999385923,
    "ms_k1_ms": 10.262464999686927,
    "ms_k20_ms": 358.4610799996881,
    "k1_overhead_vs_sabre_k1": 6.453934001574017,
    "k20_overhead_vs_sabre_k20": 11.631543433502474,
    "k20_overhead_vs_sabre_k1": 225.43162412943744
  },
  "ring12/parallel": {
    "topology": "ring12",
    "family": "parallel",
    "lambda": 0.02,
    "n_circuits": 20,
    "n_qubits": 12,
    "circuit_length": 30,
    "sabre_k1_ms": 2.3881300003267825,
    "sabre_k20_ms": 39.76288999983808,
    "ms_k1_ms": 3.387109999312088,
    "ms_k20_ms": 71.00063499965472,
    "k1_overhead_vs_sabre_k1": 1.4183105605007302,
    "k20_overhead_vs_sabre_k20": 1.7856004681738133,
    "k20_overhead_vs_sabre_k1": 29.730640706301276
  },
  "ring12/random": {
    "topology": "ring12",
    "family": "random",
    "lambda": 0.1,
    "n_circuits": 20,
    "n_qubits": 12,
    "circuit_length": 30,
    "sabre_k1_ms": 1.7171599989524111,
    "sabre_k20_ms": 35.4848850009148,
    "ms_k1_ms": 6.0204200010048226,
    "ms_k20_ms": 119.02519499999471,
    "k1_overhead_vs_sabre_k1": 3.5060332203625193,
    "k20_overhead_vs_sabre_k20": 3.3542505491260926,
    "k20_overhead_vs_sabre_k1": 69.31514539857001
  },
  "grid4x4/qft": {
    "topology": "grid4x4",
    "family": "qft",
    "lambda": 0.05,
    "n_circuits": 20,
    "n_qubits": 16,
    "circuit_length": 120,
    "sabre_k1_ms": 4.196329999831505,
    "sabre_k20_ms": 76.84900000022026,
    "ms_k1_ms": 39.89661500090733,
    "ms_k20_ms": 850.2821099988068,
    "k1_overhead_vs_sabre_k1": 9.507501793831585,
    "k20_overhead_vs_sabre_k20": 11.064322372397427,
    "k20_overhead_vs_sabre_k1": 202.62517724605743
  },
  "grid4x4/parallel": {
    "topology": "grid4x4",
    "family": "parallel",
    "lambda": 0.05,
    "n_circuits": 20,
    "n_qubits": 16,
    "circuit_length": 40,
    "sabre_k1_ms": 3.0058300006203353,
    "sabre_k20_ms": 62.883324999711476,
    "ms_k1_ms": 9.33684500050731,
    "ms_k20_ms": 146.78495000116527,
    "k1_overhead_vs_sabre_k1": 3.106245196361869,
    "k20_overhead_vs_sabre_k20": 2.334242821953813,
    "k20_overhead_vs_sabre_k1": 48.8334170498239
  },
  "grid5x5/qft": {
    "topology": "grid5x5",
    "family": "qft",
    "lambda": 0.02,
    "n_circuits": 20,
    "n_qubits": 25,
    "circuit_length": 300,
    "sabre_k1_ms": 9.199539999826811,
    "sabre_k20_ms": 168.12482999957865,
    "ms_k1_ms": 226.44638000056148,
    "ms_k20_ms": 4642.699094999989,
    "k1_overhead_vs_sabre_k1": 24.614967705431415,
    "k20_overhead_vs_sabre_k20": 27.614595030440324,
    "k20_overhead_vs_sabre_k1": 504.66643930972543
  },
  "grid5x5/random": {
    "topology": "grid5x5",
    "family": "random",
    "lambda": 0.1,
    "n_circuits": 20,
    "n_qubits": 25,
    "circuit_length": 30,
    "sabre_k1_ms": 2.2416949999751523,
    "sabre_k20_ms": 49.60367000021506,
    "ms_k1_ms": 7.400589999451768,
    "ms_k20_ms": 150.81177999963984,
    "k1_overhead_vs_sabre_k1": 3.301336711521326,
    "k20_overhead_vs_sabre_k20": 3.0403351203446434,
    "k20_overhead_vs_sabre_k1": 67.27578015801056
  },
  "heavy_hex2/qft": {
    "topology": "heavy_hex2",
    "family": "qft",
    "lambda": 0.25,
    "n_circuits": 20,
    "n_qubits": 14,
    "circuit_length": 91,
    "sabre_k1_ms": 5.61856499989517,
    "sabre_k20_ms": 69.66241000045557,
    "ms_k1_ms": 39.0630499998224,
    "ms_k20_ms": 765.0359799998114,
    "k1_overhead_vs_sabre_k1": 6.952495877604197,
    "k20_overhead_vs_sabre_k20": 10.982048711705614,
    "k20_overhead_vs_sabre_k1": 136.16216596481223
  },
  "heavy_hex2/random": {
    "topology": "heavy_hex2",
    "family": "random",
    "lambda": 0.1,
    "n_circuits": 20,
    "n_qubits": 14,
    "circuit_length": 30,
    "sabre_k1_ms": 2.107735000026878,
    "sabre_k20_ms": 39.447199999995064,
    "ms_k1_ms": 6.192685000132769,
    "ms_k20_ms": 125.5513099997188,
    "k1_overhead_vs_sabre_k1": 2.9380757068862073,
    "k20_overhead_vs_sabre_k20": 3.1827686122141623,
    "k20_overhead_vs_sabre_k1": 59.566933223634734
  }
}