{
  "linear20/qft": {
    "topology": "linear20",
    "family": "qft",
    "lambda": 0.25,
    "n_qubits": 20,
    "n_circuits": 30,
    "attempt_limit_mult": 10,
    "raw_means": {
      "basic_k1": 556.0,
      "lookahead_k1": 415.0,
      "decay_k1": 388.06666666666666,
      "ms_k1": 386.0,
      "basic_k20": 464.73333333333335,
      "lookahead_k20": 362.8666666666667,
      "decay_k20": 359.06666666666666,
      "ms_k20": 362.8666666666667
    },
    "k1_vs_basic": {
      "gain_pct": 30.575539568345324,
      "p": 1.2789548180602085e-06
    },
    "k1_vs_lookahead": {
      "gain_pct": 6.9879518072289155,
      "p": 9.787521252150102e-05
    },
    "k1_vs_decay": {
      "gain_pct": 0.532554543892801,
      "p": 0.054404715020272845
    },
    "k20_vs_basic": {
      "gain_pct": 21.919380289771915,
      "p": 8.429336707167401e-07
    },
    "k20_vs_lookahead": {
      "gain_pct": 0.0,
      "p": 1.0
    },
    "k20_vs_decay": {
      "gain_pct": -1.05829929446714,
      "p": 0.9966721972585253
    }
  },
  "linear20/random": {
    "topology": "linear20",
    "family": "random",
    "lambda": 0.1,
    "n_qubits": 20,
    "n_circuits": 30,
    "attempt_limit_mult": 10,
    "raw_means": {
      "basic_k1": 131.6,
      "lookahead_k1": 107.0,
      "decay_k1": 105.86666666666666,
      "ms_k1": 98.73333333333333,
      "basic_k20": 105.4,
      "lookahead_k20": 95.53333333333333,
      "decay_k20": 96.8,
      "ms_k20": 95.06666666666666
    },
    "k1_vs_basic": {
      "gain_pct": 24.97467071935157,
      "p": 1.570062941404183e-06
    },
    "k1_vs_lookahead": {
      "gain_pct": 7.725856697819313,
      "p": 0.0035147060256042113
    },
    "k1_vs_decay": {
      "gain_pct": 6.738035264483621,
      "p": 0.008833177102905716
    },
    "k20_vs_basic": {
      "gain_pct": 9.80392156862746,
      "p": 0.0002798772130766324
    },
    "k20_vs_lookahead": {
      "gain_pct": 0.48848569434752465,
      "p": 0.5259239549217278
    },
    "k20_vs_decay": {
      "gain_pct": 1.790633608815428,
      "p": 0.3118644843191593
    }
  },
  "linear20/parallel": {
    "topology": "linear20",
    "family": "parallel",
    "lambda": 0.02,
    "n_qubits": 20,
    "n_circuits": 30,
    "attempt_limit_mult": 10,
    "raw_means": {
      "basic_k1": 200.93333333333334,
      "lookahead_k1": 172.86666666666667,
      "decay_k1": 167.86666666666667,
      "ms_k1": 156.33333333333334,
      "basic_k20": 163.46666666666667,
      "lookahead_k20": 149.33333333333334,
      "decay_k20": 150.2,
      "ms_k20": 150.6
    },
    "k1_vs_basic": {
      "gain_pct": 22.196416721964162,
      "p": 8.617567734031107e-07
    },
    "k1_vs_lookahead": {
      "gain_pct": 9.564211338218279,
      "p": 0.0021511842393071167
    },
    "k1_vs_decay": {
      "gain_pct": 6.870532168387607,
      "p": 0.011869002816429022
    },
    "k20_vs_basic": {
      "gain_pct": 7.871125611745518,
      "p": 8.862035172276799e-05
    },
    "k20_vs_lookahead": {
      "gain_pct": -0.8482142857142755,
      "p": 0.7318200092976861
    },
    "k20_vs_decay": {
      "gain_pct": -0.2663115845539319,
      "p": 0.6508176439675947
    }
  },
  "ring20/qft": {
    "topology": "ring20",
    "family": "qft",
    "lambda": 0.25,
    "n_qubits": 20,
    "n_circuits": 30,
    "attempt_limit_mult": 10,
    "raw_means": {
      "basic_k1": 549.2,
      "lookahead_k1": 379.4,
      "decay_k1": 373.26666666666665,
      "ms_k1": 369.93333333333334,
      "basic_k20": 463.53333333333336,
      "lookahead_k20": 341.73333333333335,
      "decay_k20": 340.6666666666667,
      "ms_k20": 341.73333333333335
    },
    "k1_vs_basic": {
      "gain_pct": 32.64141781985919,
      "p": 1.2789548180602085e-06
    },
    "k1_vs_lookahead": {
      "gain_pct": 2.4951678088209386,
      "p": 0.0037896409716948643
    },
    "k1_vs_decay": {
      "gain_pct": 0.893016610108943,
      "p": 0.021557223391537678
    },
    "k20_vs_basic": {
      "gain_pct": 26.276427441392208,
      "p": 8.558034962057269e-07
    },
    "k20_vs_lookahead": {
      "gain_pct": 0.0,
      "p": 1.0
    },
    "k20_vs_decay": {
      "gain_pct": -0.3131115459882572,
      "p": 0.9101437525605001
    }
  },
  "ring20/random": {
    "topology": "ring20",
    "family": "random",
    "lambda": 0.1,
    "n_qubits": 20,
    "n_circuits": 30,
    "attempt_limit_mult": 10,
    "raw_means": {
      "basic_k1": 114.66666666666667,
      "lookahead_k1": 92.8,
      "decay_k1": 91.26666666666667,
      "ms_k1": 89.73333333333333,
      "basic_k20": 89.2,
      "lookahead_k20": 83.6,
      "decay_k20": 84.0,
      "ms_k20": 83.4
    },
    "k1_vs_basic": {
      "gain_pct": 21.744186046511633,
      "p": 1.7451432846613376e-06
    },
    "k1_vs_lookahead": {
      "gain_pct": 3.3045977011494214,
      "p": 0.2505776006377608
    },
    "k1_vs_decay": {
      "gain_pct": 1.6800584368151914,
      "p": 0.186704188460735
    },
    "k20_vs_basic": {
      "gain_pct": 6.502242152466365,
      "p": 0.012648798073243935
    },
    "k20_vs_lookahead": {
      "gain_pct": 0.23923444976075198,
      "p": 0.4611494151164453
    },
    "k20_vs_decay": {
      "gain_pct": 0.7142857142857075,
      "p": 0.36320466731271295
    }
  },
  "ring20/parallel": {
    "topology": "ring20",
    "family": "parallel",
    "lambda": 0.02,
    "n_qubits": 20,
    "n_circuits": 30,
    "attempt_limit_mult": 10,
    "raw_means": {
      "basic_k1": 121.66666666666667,
      "lookahead_k1": 115.06666666666666,
      "decay_k1": 111.33333333333333,
      "ms_k1": 96.66666666666667,
      "basic_k20": 100.86666666666666,
      "lookahead_k20": 99.06666666666666,
      "decay_k20": 99.33333333333333,
      "ms_k20": 95.33333333333333
    },
    "k1_vs_basic": {
      "gain_pct": 20.54794520547945,
      "p": 2.124166110450804e-06
    },
    "k1_vs_lookahead": {
      "gain_pct": 15.990730011587479,
      "p": 9.300869839091264e-06
    },
    "k1_vs_decay": {
      "gain_pct": 13.17365269461077,
      "p": 1.5541132057949187e-05
    },
    "k20_vs_basic": {
      "gain_pct": 5.485789821546595,
      "p": 0.003519604079721727
    },
    "k20_vs_lookahead": {
      "gain_pct": 3.768506056527592,
      "p": 0.04240524478269525
    },
    "k20_vs_decay": {
      "gain_pct": 4.026845637583893,
      "p": 0.03665723577874466
    }
  },
  "grid6x6/qft": {
    "topology": "grid6x6",
    "family": "qft",
    "lambda": 0.1,
    "n_qubits": 36,
    "n_circuits": 25,
    "attempt_limit_mult": 20,
    "raw_means": {
      "basic_k1": 1424.72,
      "lookahead_k1": 1159.28,
      "decay_k1": 1108.4,
      "ms_k1": 1081.44,
      "basic_k20": 1222.64,
      "lookahead_k20": 955.28,
      "decay_k20": 936.48,
      "ms_k20": 955.28
    },
    "k1_vs_basic": {
      "gain_pct": 24.094558930877646,
      "p": 9.089744660641124e-06
    },
    "k1_vs_lookahead": {
      "gain_pct": 6.71451245600717,
      "p": 0.00014595245039721014
    },
    "k1_vs_decay": {
      "gain_pct": 2.4323348971490466,
      "p": 0.003816220824102754
    },
    "k20_vs_basic": {
      "gain_pct": 21.867434404240015,
      "p": 2.9802322387695312e-08
    },
    "k20_vs_lookahead": {
      "gain_pct": 0.0,
      "p": 1.0
    },
    "k20_vs_decay": {
      "gain_pct": -2.0075175123868054,
      "p": 0.9585279011174147
    }
  },
  "grid6x6/random": {
    "topology": "grid6x6",
    "family": "random",
    "lambda": 0.05,
    "n_qubits": 36,
    "n_circuits": 25,
    "attempt_limit_mult": 20,
    "raw_means": {
      "basic_k1": 49.68,
      "lookahead_k1": 40.24,
      "decay_k1": 40.0,
      "ms_k1": 34.0,
      "basic_k20": 37.44,
      "lookahead_k20": 35.68,
      "decay_k20": 35.68,
      "ms_k20": 32.48
    },
    "k1_vs_basic": {
      "gain_pct": 31.561996779388085,
      "p": 1.9515547487900724e-05
    },
    "k1_vs_lookahead": {
      "gain_pct": 15.506958250497023,
      "p": 0.0014553607109803047
    },
    "k1_vs_decay": {
      "gain_pct": 15.0,
      "p": 0.0016394942907513455
    },