{
  "topology": "ring5",
  "n_qubits": 5,
  "K": 20,
  "selection_rule": "fewest_swaps_tiebreak_makespan",
  "n_circuits_target": 12,
  "by_family": {
    "qft": {
      "n_circuits": 12,
      "sabre_production_mean": 82.0,
      "per_circuit": [
        82.0,
        82.0,
        82.0,
        82.0,
        82.0,
        82.0,
        82.0,
        82.0,
        82.0,
        82.0,
        82.0,
        82.0
      ]
    },
    "qv": {
      "n_circuits": 12,
      "sabre_production_mean": 49.666666666666664,
      "per_circuit": [
        56.0,
        36.0,
        40.0,
        62.0,
        50.0,
        56.0,
        46.0,
        56.0,
        30.0,
        56.0,
        46.0,
        62.0
      ]
    },
    "vqe": {
      "n_circuits": 12,
      "sabre_production_mean": 84.16666666666667,
      "per_circuit": [
        84.0,
        82.0,
        83.0,
        88.0,
        82.0,
        84.0,
        82.0,
        86.0,
        82.0,
        82.0,
        88.0,
        87.0
      ]
    },
    "qaoa": {
      "n_circuits": 12,
      "sabre_production_mean": 37.833333333333336,
      "per_circuit": [
        31.0,
        44.0,
        41.0,
        31.0,
        54.0,
        34.0,
        38.0,
        27.0,
        38.0,
        51.0,
        34.0,
        31.0
      ]
    }
  }
}