{
  "grid5x5/qft": {
    "topology": "grid5x5",
    "family": "qft",
    "n": 300,
    "lambda": 0.1,
    "mean_sabre": 493.96666666666664,
    "mean_ms": 493.96666666666664,
    "mean_diff": 0.0,
    "pct": 0.0,
    "cohens_d": 0.0,
    "wilcoxon_p": 1.0,
    "conclusion": "NO SIGNIFICANT DIFFERENCE"
  },
  "ring12/parallel": {
    "topology": "ring12",
    "family": "parallel",
    "n": 300,
    "lambda": 0.25,
    "mean_sabre": 52.833333333333336,
    "mean_ms": 57.0,
    "mean_diff": -4.166666666666667,
    "pct": -7.886435331230284,
    "cohens_d": -0.403060170553079,
    "wilcoxon_p": 1.2406348161351717e-10,
    "conclusion": "SABRE WINS"
  },
  "linear9/parallel": {
    "topology": "linear9",
    "family": "parallel",
    "n": 300,
    "lambda": 0.25,
    "mean_sabre": 52.373333333333335,
    "mean_ms": 55.093333333333334,
    "mean_diff": -2.72,
    "pct": -5.193482688391039,
    "cohens_d": -0.26540909731305223,
    "wilcoxon_p": 5.1461379383439106e-06,
    "conclusion": "SABRE WINS"
  },
  "linear7/parallel": {
    "topology": "linear7",
    "family": "parallel",
    "n": 300,
    "lambda": 0.25,
    "mean_sabre": 38.17333333333333,
    "mean_ms": 38.913333333333334,
    "mean_diff": -0.74,
    "pct": -1.9385260216556062,
    "cohens_d": -0.09334064267780016,
    "wilcoxon_p": 0.06066689546893609,
    "conclusion": "NO SIGNIFICANT DIFFERENCE"
  },
  "ring8/parallel": {
    "topology": "ring8",
    "family": "parallel",
    "n": 300,
    "lambda": 0.25,
    "mean_sabre": 31.593333333333334,
    "mean_ms": 31.253333333333334,
    "mean_diff": 0.34,
    "pct": 1.0761764085250052,
    "cohens_d": 0.05990063491432432,
    "wilcoxon_p": 0.43385080211741045,
    "conclusion": "NO SIGNIFICANT DIFFERENCE"
  },
  "heavy_hex2/qft": {
    "topology": "heavy_hex2",
    "family": "qft",
    "n": 300,
    "lambda": 0.25,
    "mean_sabre": 197.27333333333334,
    "mean_ms": 178.47333333333333,
    "mean_diff": 18.8,
    "pct": 9.529924639248419,
    "cohens_d": 0.7592835614605347,
    "wilcoxon_p": 3.8054146474336637e-28,
    "conclusion": "SABRE-MS WINS"
  },
  "linear5/parallel": {
    "topology": "linear5",
    "family": "parallel",
    "n": 300,
    "lambda": 0.25,
    "mean_sabre": 23.253333333333334,
    "mean_ms": 22.086666666666666,
    "mean_diff": 1.1666666666666667,
    "pct": 5.0172018348623855,
    "cohens_d": 0.2836356854067274,
    "wilcoxon_p": 5.145858944506341e-07,
    "conclusion": "SABRE-MS WINS"
  },
  "ring12/qft": {
    "topology": "ring12",
    "family": "qft",
    "n": 300,
    "lambda": 0.25,
    "mean_sabre": 220.00666666666666,
    "mean_ms": 97.45333333333333,
    "mean_diff": 122.55333333333333,
    "pct": 55.70437259476985,
    "cohens_d": 4.193818488891056,
    "wilcoxon_p": 2.6065270453653963e-50,
    "conclusion": "SABRE-MS WINS"
  },
  "grid4x4/qft": {
    "topology": "grid4x4",
    "family": "qft",
    "n": 300,
    "lambda": 0.1,
    "mean_sabre": 254.54,
    "mean_ms": 195.64,
    "mean_diff": 58.9,
    "pct": 23.13978156674786,
    "cohens_d": 1.7499999474024233,
    "wilcoxon_p": 4.707905493566508e-50,
    "conclusion": "SABRE-MS WINS"
  },
  "linear9/qft": {
    "topology": "linear9",
    "family": "qft",
    "n": 300,
    "lambda": 0.25,
    "mean_sabre": 97.09333333333333,
    "mean_ms": 62.98,
    "mean_diff": 34.11333333333334,
    "pct": 35.134578412524036,
    "cohens_d": 3.6559224903154726,
    "wilcoxon_p": 2.4659622858713875e-53,
    "conclusion": "SABRE-MS WINS"
  }
}