{
  "linear7/qft": {
    "topology": "linear7",
    "family": "qft",
    "lambda_mean": 0.24166666666666667,
    "lambda_per_circuit": [
      0.25,
      0.0,
      0.25,
      0.25,
      0.25,
      0.25,
      0.25,
      0.25,
      0.25,
      0.25,
      0.25,
      0.25,
      0.25,
      0.25,
      0.25,
      0.25,
      0.25,
      0.25,
      0.25,
      0.25,
      0.25,
      0.25,
      0.25,
      0.25,
      0.25,
      0.25,
      0.25,
      0.25,
      0.25,
      0.25
    ],
    "n_qubits": 7,
    "n_circuits": 30,
    "K": 20,
    "sabre_k1": {
      "mean_n_swaps": 17.1,
      "mean_pre_cnot": 72.3,
      "mean_post_cnot": 53.1,
      "mean_absorbed_pct": 26.576638176638184,
      "mean_mk_raw": 90.8,
      "mean_mk_opt": 73.86666666666666
    },
    "sabre_k20": {
      "mean_n_swaps": 17.066666666666666,
      "mean_pre_cnot": 72.2,
      "mean_post_cnot": 52.666666666666664,
      "mean_absorbed_pct": 27.051282051282055,
      "mean_mk_raw": 89.86666666666666,
      "mean_mk_opt": 72.26666666666667
    },
    "ms_k1": {
      "mean_n_swaps": 23.0,
      "mean_pre_cnot": 90.0,
      "mean_post_cnot": 50.666666666666664,
      "mean_absorbed_pct": 43.82244233745902,
      "mean_mk_raw": 81.06666666666666,
      "mean_mk_opt": 57.4
    },
    "ms_k20": {
      "mean_n_swaps": 21.666666666666668,
      "mean_pre_cnot": 86.0,
      "mean_post_cnot": 43.06666666666667,
      "mean_absorbed_pct": 49.872286079182636,
      "mean_mk_raw": 76.0,
      "mean_mk_opt": 46.4
    },
    "p_ms_higher_absorbed_k1": 8.00174897824341e-07,
    "p_ms_higher_absorbed_k20": 5.897095677184022e-07
  },
  "ring8/qft": {
    "topology": "ring8",
    "family": "qft",
    "lambda_mean": 0.14166666666666666,
    "lambda_per_circuit": [
      0.25,
      0.1,
      0.05,
      0.05,
      0.25,
      0.25,
      0.05,
      0.25,
      0.25,
      0.1,
      0.05,
      0.1,
      0.05,
      0.25,
      0.1,
      0.05,
      0.05,
      0.1,
      0.25,
      0.25,
      0.05,
      0.25,
      0.05,
      0.1,
      0.1,
      0.25,
      0.25,
      0.05,
      0.25,
      0.05
    ],
    "n_qubits": 8,
    "n_circuits": 30,
    "K": 20,
    "sabre_k1": {
      "mean_n_swaps": 25.433333333333334,
      "mean_pre_cnot": 104.3,
      "mean_post_cnot": 82.76666666666667,
      "mean_absorbed_pct": 20.737034119715055,
      "mean_mk_raw": 121.0,
      "mean_mk_opt": 101.8
    },
    "sabre_k20": {
      "mean_n_swaps": 23.566666666666666,
      "mean_pre_cnot": 98.7,
      "mean_post_cnot": 75.9,
      "mean_absorbed_pct": 23.100530477429686,
      "mean_mk_raw": 107.13333333333334,
      "mean_mk_opt": 84.8
    },
    "ms_k1": {
      "mean_n_swaps": 30.6,
      "mean_pre_cnot": 119.8,
      "mean_post_cnot": 71.86666666666666,
      "mean_absorbed_pct": 40.82815382953607,
      "mean_mk_raw": 98.93333333333334,
      "mean_mk_opt": 67.93333333333334
    },
    "ms_k20": {
      "mean_n_swaps": 28.933333333333334,
      "mean_pre_cnot": 114.8,
      "mean_post_cnot": 55.86666666666667,
      "mean_absorbed_pct": 51.256270140214525,
      "mean_mk_raw": 92.2,
      "mean_mk_opt": 53.266666666666666
    },
    "p_ms_higher_absorbed_k1": 2.1254070530080376e-06,
    "p_ms_higher_absorbed_k20": 7.854938264550328e-07
  },
  "ring12/qft": {
    "topology": "ring12",
    "family": "qft",
    "lambda_mean": 0.1472,
    "lambda_per_circuit": [
      0.1,
      0.02,
      0.1,
      0.25,
      0.25,
      0.02,
      0.1,
      0.1,
      0.25,
      0.25,
      0.1,
      0.25,
      0.1,
      0.25,
      0.1,
      0.25,
      0.25,
      0.1,
      0.1,
      0.1,
      0.02,
      0.1,
      0.25,
      0.25,
      0.02
    ],
    "n_qubits": 12,
    "n_circuits": 25,
    "K": 20,
    "sabre_k1": {
      "mean_n_swaps": 83.44,
      "mean_pre_cnot": 316.32,
      "mean_post_cnot": 260.0,
      "mean_absorbed_pct": 18.05521208047878,
      "mean_mk_raw": 288.72,
      "mean_mk_opt": 254.08
    },
    "sabre_k20": {
      "mean_n_swaps": 77.48,
      "mean_pre_cnot": 298.44,
      "mean_post_cnot": 236.92,
      "mean_absorbed_pct": 20.717846735135286,
      "mean_mk_raw": 251.12,
      "mean_mk_opt": 211.6
    },
    "ms_k1": {
      "mean_n_swaps": 82.0,
      "mean_pre_cnot": 312.0,
      "mean_post_cnot": 145.92,
      "mean_absorbed_pct": 53.09162801052679,
      "mean_mk_raw": 164.08,
      "mean_mk_opt": 99.6
    },
    "ms_k20": {
      "mean_n_swaps": 80.44,
      "mean_pre_cnot": 307.32,
      "mean_post_cnot": 141.56,
      "mean_absorbed_pct": 53.764889299737085,
      "mean_mk_raw": 160.48,
      "mean_mk_opt": 92.24
    },
    "p_ms_higher_absorbed_k1": 2.9802322387695312e-08,
    "p_ms_higher_absorbed_k20": 6.122911761091781e-06
  },
  "ring12/random": {
    "topology": "ring12",
    "family": "random",
    "lambda_mean": 0.0674,
    "lambda_per_circuit": [
      0.1,
      0.01,
      0.25,
      0.1,
      0.005,
      0.05,
      0.25,
      0.02,
      0.005,
      0.05,
      0.005,
      0.05,
      0.02,
      0.005,
      0.005,
      0.0,
      0.02,
      0.25,
      0.1,
      0.1,
      0.1,
      0.05,
      0.1,
      0.02,
      0.02
    ],
    "n_qubits": 12,
    "n_circuits": 25,
    "K": 20,
    "sabre_k1": {
      "mean_n_swaps": 29.84,
      "mean_pre_cnot": 119.52,
      "mean_post_cnot": 107.84,
      "mean_absorbed_pct": 9.878127995039534,
      "mean_mk_raw": 107.76,
      "mean_mk_opt": 97.36
    },
    "sabre_k20": {
      "mean_n_swaps": 28.92,
      "mean_pre_cnot": 116.76,
      "mean_post_cnot": 104.36,
      "mean_absorbed_pct": 10.710436860026318,
      "mean_mk_raw": 100.8,
      "mean_mk_opt": 87.76
    },
    "ms_k1": {
      "mean_n_swaps": 41.28,
      "mean_pre_cnot": 153.84,
      "mean_post_cnot": 126.0,
      "mean_absorbed_pct": 17.435341980251682,
      "mean_mk_raw": 97.92,
      "mean_mk_opt": 86.4
    },
    "ms_k20": {
      "mean_n_swaps": 39.56,
      "mean_pre_cnot": 148.68,
      "mean_post_cnot": 119.88,
      "mean_absorbed_pct": 18.37256450447916,
      "mean_mk_raw": 91.2,
      "mean_mk_opt": 77.44
    },
    "p_ms_higher_absorbed_k1": 1.2814998626708984e-06,
    "p_ms_higher_absorbed_k20": 1.4901161193847656e-07
  },
  "grid3x3/qft": {
    "topology": "grid3x3",
    "family": "qft",
    "lambda_mean": 0.0845,
    "lambda_per_circuit": [
      0.1,
      0.1,
      0.25,
      0.1,
      0.0,
      0.1,
      0.01,
      0.0,
      0.1,
      0.005,
      0.05,
      0.1,
      0.005,
      0.0,
      0.25,
      0.1,
      0.25,
      0.1,
      0.05,
      0.05,
      0.25,
      0.1,
      0.05,
      0.0,
      0.1,
      0.005,
      0.1,
      0.1,
      0.1,
      0.01
    ],
    "n_qubits": 9,
    "n_circuits": 30,
    "K": 20,
    "sabre_k1": {
      "mean_n_swaps": 17.666666666666668,
      "mean_pre_cnot": 89.0,
      "mean_post_cnot": 77.73333333333333,
      "mean_absorbed_pct": 12.654225163571969,
      "mean_mk_raw": 122.0,
      "mean_mk_opt": 110.4
    },
    "sabre_k20": {
      "mean_n_swaps": 17.3,
      "mean_pre_cnot": 87.9,
      "mean_post_cnot": 72.56666666666666,
      "mean_absorbed_pct": 17.45727907521876,
      "mean_mk_raw": 109.2,
      "mean_mk_opt": 93.33333333333333
    },
    "ms_k1": {
      "mean_n_swaps": 22.4,
      "mean_pre_cnot": 103.2,
      "mean_post_cnot": 78.13333333333334,
      "mean_absorbed_pct": 24.129121374541032,
      "mean_mk_raw": 103.0,
      "mean_mk_opt": 85.93333333333334
    },
    "ms_k20": {
      "mean_n_swaps": 21.733333333333334,
      "mean_pre_cnot": 101.2,
      "mean_post_cnot": 74.2,
      "mean_absorbed_pct": 26.553554651697024,
      "mean_mk_raw": 96.4,
      "mean_mk_opt": 76.4
    },
    "p_ms_higher_absorbed_k1": 1.4244516560381606e-06,
    "p_ms_higher_absorbed_k20": 1.1822845991821137e-05
  },
  "grid4x4/qft": {
    "topology": "grid4x4",
    "family": "qft",
    "lambda_mean": 0.045000000000000005,