{
  "ring5/qft": {
    "topology": "ring5",
    "family": "qft",
    "lambda": 0.25,
    "n_qubits": 5,
    "n_circuits": 40,
    "mean_sabre": 31.25,
    "mean_ms": 30.25,
    "gain_pct": 3.2,
    "p": 0.04993057635062307,
    "n_better": 18,
    "n_total": 40
  },
  "linear15/qft": {
    "topology": "linear15",
    "family": "qft",
    "lambda": 0.25,
    "n_qubits": 15,
    "n_circuits": 40,
    "mean_sabre": 195.9,
    "mean_ms": 116.7,
    "gain_pct": 40.42879019908116,
    "p": 2.4001806420544857e-08,
    "n_better": 39,
    "n_total": 40
  },
  "heavy_hex2/parallel": {
    "topology": "heavy_hex2",
    "family": "parallel",
    "lambda": 0.05,
    "n_circuits": 60,
    "n_qubits": 14,
    "mean_sabre": 69.33333333333333,
    "mean_ms": 59.1,
    "gain_pct": 14.759615384615376,
    "p": 1.8673315471312067e-08,
    "n_better": 45,
    "n_total": 60
  }
}