{
  "random": {
    "lambda": 0.1,
    "sabre_basic_k20": 23.96,
    "sabre_lookahead_k1": 26.28,
    "sabre_lookahead_k20": 25.06,
    "ms_k1": 25.66,
    "ms_k20": 24.48,
    "ms_k60": 24.48,
    "seed0_det": 27.92,
    "seed1_det": 29.64,
    "seed2_det": 29.18,
    "seed0_k20": 24.2,
    "seed1_k20": 24.76,
    "seed2_k20": 25.06,
    "ensemble_det": 24.42,
    "ensemble_k60": 21.82,
    "p_ensemble_det_vs_ms_k1": 0.07303263675309246,
    "p_ensemble_k60_vs_ms_k20": 2.2499071818923502e-05,
    "p_ensemble_k60_vs_ms_k60": 2.2499071818923502e-05,
    "p_ensemble_k60_vs_sabre_basic_k20": 0.0002042072951501222,
    "p_seed0_det_vs_ms_k1": 0.9928403187143109
  },
  "qft": {
    "lambda": 0.25,
    "sabre_basic_k20": 25.68,
    "sabre_lookahead_k1": 29.76,
    "sabre_lookahead_k20": 29.76,
    "ms_k1": 27.96,
    "ms_k20": 26.36,
    "ms_k60": 26.36,
    "seed0_det": 19.66,
    "seed1_det": 27.92,
    "seed2_det": 38.68,
    "seed0_k20": 19.64,
    "seed1_k20": 20.72,
    "seed2_k20": 27.28,
    "ensemble_det": 19.66,
    "ensemble_k60": 19.56,
    "p_ensemble_det_vs_ms_k1": 1.3108391359998968e-18,
    "p_ensemble_k60_vs_ms_k20": 2.155925366373022e-19,
    "p_ensemble_k60_vs_ms_k60": 2.155925366373022e-19,
    "p_ensemble_k60_vs_sabre_basic_k20": 7.213865179162886e-23,
    "p_seed0_det_vs_ms_k1": 1.3108391359998968e-18
  },
  "parallel": {
    "lambda": 0.02,
    "sabre_basic_k20": 21.4,
    "sabre_lookahead_k1": 23.28,
    "sabre_lookahead_k20": 22.04,
    "ms_k1": 22.38,
    "ms_k20": 21.92,
    "ms_k60": 21.92,
    "seed0_det": 23.8,
    "seed1_det": 26.44,
    "seed2_det": 24.78,
    "seed0_k20": 21.36,
    "seed1_k20": 22.3,
    "seed2_k20": 21.72,
    "ensemble_det": 21.18,
    "ensemble_k60": 19.46,
    "p_ensemble_det_vs_ms_k1": 0.058012547692973246,
    "p_ensemble_k60_vs_ms_k20": 0.00016783364458981576,
    "p_ensemble_k60_vs_ms_k60": 0.00016783364458981576,
    "p_ensemble_k60_vs_sabre_basic_k20": 0.000741313659730744,
    "p_seed0_det_vs_ms_k1": 0.92080685261969
  },
  "trotter": {
    "lambda": 0.25,
    "sabre_basic_k20": 16.0,
    "sabre_lookahead_k1": 16.0,
    "sabre_lookahead_k20": 16.0,
    "ms_k1": 16.0,
    "ms_k20": 16.0,
    "ms_k60": 16.0,
    "seed0_det": 16.0,
    "seed1_det": 16.0,
    "seed2_det": 16.0,
    "seed0_k20": 16.0,
    "seed1_k20": 16.0,
    "seed2_k20": 16.0,
    "ensemble_det": 16.0,
    "ensemble_k60": 16.0,
    "p_ensemble_det_vs_ms_k1": 1.0,
    "p_ensemble_k60_vs_ms_k20": 1.0,
    "p_ensemble_k60_vs_ms_k60": 1.0,
    "p_ensemble_k60_vs_sabre_basic_k20": 1.0,
    "p_seed0_det_vs_ms_k1": 1.0
  }
}