{
  "random": {
    "lambda": 0.1,
    "sabre_basic_k1": 30.94,
    "sabre_basic_k20": 23.96,
    "sabre_lookahead_k1": 26.28,
    "sabre_lookahead_k20": 25.06,
    "sabre_decay_k1": 26.0,
    "sabre_decay_k20": 25.06,
    "ms_k1": 25.66,
    "ms_k20": 24.48,
    "v18_det": 26.32,
    "v18_stoch": 26.02,
    "v18_k20": 24.04,
    "v14_det": 27.4,
    "v14_stoch": 27.9,
    "v14_k20": 24.14,
    "base_det": 28.12,
    "base_stoch": 28.9,
    "base_k20": 23.72,
    "p_v18_det_vs_sabre_basic_k1": 4.922839566719011e-06,
    "p_v18_det_vs_sabre_lookahead_k1": 0.46011946209406596,
    "p_v18_det_vs_ms_k1": 0.7484782717201551,
    "p_v18_k20_vs_sabre_basic_k20": 0.6004543545790137,
    "p_v18_k20_vs_ms_k20": 0.21989389983353907,
    "p_v18_det_vs_v14_det": 0.05883936409980674,
    "p_v18_k20_vs_v14_k20": 0.4413321064018424,
    "p_v18_det_vs_baseline_det": 0.012007223028682436,
    "p_v18_k20_vs_baseline_k20": 0.7366214158917456
  },
  "qft": {
    "lambda": 0.25,
    "sabre_basic_k1": 34.8,
    "sabre_basic_k20": 25.68,
    "sabre_lookahead_k1": 29.76,
    "sabre_lookahead_k20": 29.76,
    "sabre_decay_k1": 29.76,
    "sabre_decay_k20": 29.76,
    "ms_k1": 27.96,
    "ms_k20": 26.36,
    "v18_det": 43.04,
    "v18_stoch": 41.34,
    "v18_k20": 31.52,
    "v14_det": 19.66,
    "v14_stoch": 20.3,
    "v14_k20": 19.66,
    "base_det": 30.32,
    "base_stoch": 31.74,
    "base_k20": 20.64,
    "p_v18_det_vs_sabre_basic_k1": 0.9999996515950592,
    "p_v18_det_vs_sabre_lookahead_k1": 0.999999998400922,
    "p_v18_det_vs_ms_k1": 1.0,
    "p_v18_k20_vs_sabre_basic_k20": 0.9999999999180709,
    "p_v18_k20_vs_ms_k20": 0.9999999999999961,
    "p_v18_det_vs_v14_det": 1.0,
    "p_v18_k20_vs_v14_k20": 1.0,
    "p_v18_det_vs_baseline_det": 1.0,
    "p_v18_k20_vs_baseline_k20": 0.9999999999999999
  },
  "parallel": {
    "lambda": 0.02,
    "sabre_basic_k1": 28.18,
    "sabre_basic_k20": 21.4,
    "sabre_lookahead_k1": 23.28,
    "sabre_lookahead_k20": 22.04,
    "sabre_decay_k1": 22.94,
    "sabre_decay_k20": 22.06,
    "ms_k1": 22.38,
    "ms_k20": 21.92,
    "v18_det": 22.28,
    "v18_stoch": 22.98,
    "v18_k20": 20.26,
    "v14_det": 23.84,
    "v14_stoch": 23.94,
    "v14_k20": 21.14,
    "base_det": 24.44,
    "base_stoch": 24.42,
    "base_k20": 20.58,
    "p_v18_det_vs_sabre_basic_k1": 8.781952355065867e-08,
    "p_v18_det_vs_sabre_lookahead_k1": 0.0900254308764108,
    "p_v18_det_vs_ms_k1": 0.3372875871653498,
    "p_v18_k20_vs_sabre_basic_k20": 0.02447891117727152,
    "p_v18_k20_vs_ms_k20": 0.004798290822695818,
    "p_v18_det_vs_v14_det": 0.019403190916264943,
    "p_v18_k20_vs_v14_k20": 0.016322191307175736,
    "p_v18_det_vs_baseline_det": 0.0012581070660390803,
    "p_v18_k20_vs_baseline_k20": 0.14893684310498456
  },
  "trotter": {
    "lambda": 0.25,
    "sabre_basic_k1": 16.0,
    "sabre_basic_k20": 16.0,
    "sabre_lookahead_k1": 16.0,
    "sabre_lookahead_k20": 16.0,
    "sabre_decay_k1": 16.0,
    "sabre_decay_k20": 16.0,
    "ms_k1": 16.0,
    "ms_k20": 16.0,
    "v18_det": 16.0,
    "v18_stoch": 16.0,
    "v18_k20": 16.0,
    "v14_det": 16.0,
    "v14_stoch": 16.0,
    "v14_k20": 16.0,
    "base_det": 16.0,
    "base_stoch": 16.0,
    "base_k20": 16.0,
    "p_v18_det_vs_sabre_basic_k1": 1.0,
    "p_v18_det_vs_sabre_lookahead_k1": 1.0,
    "p_v18_det_vs_ms_k1": 1.0,
    "p_v18_k20_vs_sabre_basic_k20": 1.0,
    "p_v18_k20_vs_ms_k20": 1.0,
    "p_v18_det_vs_v14_det": 1.0,
    "p_v18_k20_vs_v14_k20": 1.0,
    "p_v18_det_vs_baseline_det": 1.0,
    "p_v18_k20_vs_baseline_k20": 1.0
  }
}