{
  "random": {
    "sabre_basic_k1": 32.24,
    "sabre_basic_k20": 24.68,
    "sabre_lookahead_k1": 26.88,
    "sabre_lookahead_k20": 25.74,
    "v18_det": 32.6,
    "v18_stoch": 33.14,
    "v18_k20": 29.74,
    "ref_baseline_det": 35.26,
    "ref_baseline_k20": 31.9,
    "ref_v17_det": 34.08,
    "ref_v17_k20": 32.7,
    "p_vs_sabre_basic_k1": 0.793389654450466,
    "p_vs_sabre_basic_k20": 0.9999999987627449,
    "p_vs_sabre_lookahead_k1": 0.9999999992336487,
    "p_vs_sabre_lookahead_k20": 0.9999993289455112
  },
  "qft": {
    "sabre_basic_k1": 36.92,
    "sabre_basic_k20": 28.28,
    "sabre_lookahead_k1": 30.62,
    "sabre_lookahead_k20": 29.66,
    "v18_det": 40.22,
    "v18_stoch": 42.26,
    "v18_k20": 36.38,
    "ref_baseline_det": 44.84,
    "ref_baseline_k20": 41.08,
    "ref_v17_det": 42.46,
    "ref_v17_k20": 41.36,
    "p_vs_sabre_basic_k1": 0.9998728507733116,
    "p_vs_sabre_basic_k20": 1.0,
    "p_vs_sabre_lookahead_k1": 1.0,
    "p_vs_sabre_lookahead_k20": 1.0
  },
  "parallel": {
    "sabre_basic_k1": 30.36,
    "sabre_basic_k20": 24.36,
    "sabre_lookahead_k1": 26.08,
    "sabre_lookahead_k20": 25.26,
    "v18_det": 32.62,
    "v18_stoch": 34.04,
    "v18_k20": 29.54,
    "ref_baseline_det": 37.92,
    "ref_baseline_k20": 33.52,
    "ref_v17_det": 36.28,
    "ref_v17_k20": 34.2,
    "p_vs_sabre_basic_k1": 0.9760880882687912,
    "p_vs_sabre_basic_k20": 0.9999999955711214,
    "p_vs_sabre_lookahead_k1": 0.9999999992631428,
    "p_vs_sabre_lookahead_k20": 0.9999996036281862
  },
  "trotter": {
    "sabre_basic_k1": 55.6,
    "sabre_basic_k20": 48.0,
    "sabre_lookahead_k1": 48.0,
    "sabre_lookahead_k20": 48.0,
    "v18_det": 59.08,
    "v18_stoch": 58.04,
    "v18_k20": 55.56,
    "ref_baseline_det": 59.68,
    "ref_baseline_k20": 54.46,
    "ref_v17_det": 57.04,
    "ref_v17_k20": 56.5,
    "p_vs_sabre_basic_k1": 0.9999816310435468,
    "p_vs_sabre_basic_k20": 1.0,
    "p_vs_sabre_lookahead_k1": 1.0,
    "p_vs_sabre_lookahead_k20": 1.0
  }
}