{
  "qft": {
    "topology": "ring8",
    "family": "qft",
    "lambda": 0.1,
    "n_qubits": 8,
    "n_circuits": 10,
    "sabre_k1_mean": 169.4,
    "ms_k1_mean": 151.0,
    "v19_det_mean": 141.9,
    "v19_sto_mean": 143.2,
    "ms_vs_sabre_pct": 10.861865407319955,
    "p_ms_lt_sabre": 0.0009765625,
    "v19_det_vs_ms_pct": 6.026490066225162,
    "p_v19_det_lt_ms": 0.060546875,
    "v19_sto_vs_ms_pct": 5.1655629139072925,
    "p_v19_sto_lt_ms": 0.0546875,
    "v19_det_vs_sabre_pct": 16.233766233766232,
    "p_v19_det_lt_sabre": 0.0185546875
  },
  "qv": {
    "topology": "ring8",
    "family": "qv",
    "lambda": 0.1,
    "n_qubits": 8,
    "n_circuits": 9,
    "sabre_k1_mean": 126.0,
    "ms_k1_mean": 103.11111111111111,
    "v19_det_mean": 144.0,
    "v19_sto_mean": 141.77777777777777,
    "ms_vs_sabre_pct": 18.165784832451497,
    "p_ms_lt_sabre": 0.01171875,
    "v19_det_vs_ms_pct": -39.6551724137931,
    "p_v19_det_lt_ms": 1.0,
    "v19_sto_vs_ms_pct": -37.499999999999986,
    "p_v19_sto_lt_ms": 1.0,
    "v19_det_vs_sabre_pct": -14.285714285714286,
    "p_v19_det_lt_sabre": 0.923828125
  },
  "vqe": {
    "topology": "ring8",
    "family": "vqe",
    "lambda": 0.1,
    "n_qubits": 8,
    "n_circuits": 1,
    "sabre_k1_mean": 222.0,
    "ms_k1_mean": 226.0,
    "v19_det_mean": 198.0,
    "v19_sto_mean": 212.0,
    "ms_vs_sabre_pct": -1.8018018018018018,
    "p_ms_lt_sabre": 1.0,
    "v19_det_vs_ms_pct": 12.389380530973451,
    "p_v19_det_lt_ms": 0.5,
    "v19_sto_vs_ms_pct": 6.1946902654867255,
    "p_v19_sto_lt_ms": 0.5,
    "v19_det_vs_sabre_pct": 10.81081081081081,
    "p_v19_det_lt_sabre": 0.5
  },
  "qaoa": {
    "topology": "ring8",
    "family": "qaoa",
    "lambda": 0.005,
    "n_qubits": 8,
    "n_circuits": 12,
    "sabre_k1_mean": 97.0,
    "ms_k1_mean": 77.08333333333333,
    "v19_det_mean": 87.08333333333333,
    "v19_sto_mean": 87.41666666666667,
    "ms_vs_sabre_pct": 20.53264604810997,
    "p_ms_lt_sabre": 0.000244140625,
    "v19_det_vs_ms_pct": -12.972972972972974,
    "p_v19_det_lt_ms": 0.96923828125,
    "v19_sto_vs_ms_pct": -13.40540540540542,
    "p_v19_sto_lt_ms": 0.916259765625,
    "v19_det_vs_sabre_pct": 10.223367697594508,
    "p_v19_det_lt_sabre": 0.036865234375
  }
}