{
  "qft": {
    "topology": "linear5",
    "family": "qft",
    "lambda": 0.1,
    "n_qubits": 5,
    "n_circuits": 12,
    "sabre_k1_mean": 89.83333333333333,
    "ms_k1_mean": 84.0,
    "v19_det_mean": 64.0,
    "v19_sto_mean": 64.0,
    "ms_vs_sabre_pct": 6.493506493506488,
    "p_ms_lt_sabre": 0.00048828125,
    "v19_det_vs_ms_pct": 23.80952380952381,
    "p_v19_det_lt_ms": 0.000244140625,
    "v19_sto_vs_ms_pct": 23.80952380952381,
    "p_v19_sto_lt_ms": 0.000244140625,
    "v19_det_vs_sabre_pct": 28.756957328385898,
    "p_v19_det_lt_sabre": 0.000244140625
  },
  "qv": {
    "topology": "linear5",
    "family": "qv",
    "lambda": 0.1,
    "n_qubits": 5,
    "n_circuits": 12,
    "sabre_k1_mean": 65.66666666666667,
    "ms_k1_mean": 54.5,
    "v19_det_mean": 61.0,
    "v19_sto_mean": 63.0,
    "ms_vs_sabre_pct": 17.005076142131987,
    "p_ms_lt_sabre": 0.00048828125,
    "v19_det_vs_ms_pct": -11.926605504587156,
    "p_v19_det_lt_ms": 0.781982421875,
    "v19_sto_vs_ms_pct": -15.596330275229358,
    "p_v19_sto_lt_ms": 0.911865234375,
    "v19_det_vs_sabre_pct": 7.106598984771581,
    "p_v19_det_lt_sabre": 0.2978515625
  },
  "vqe": {
    "topology": "linear5",
    "family": "vqe",
    "lambda": 0.1,
    "n_qubits": 5,
    "n_circuits": 12,
    "sabre_k1_mean": 126.66666666666667,
    "ms_k1_mean": 95.0,
    "v19_det_mean": 85.83333333333333,
    "v19_sto_mean": 86.5,
    "ms_vs_sabre_pct": 25.0,
    "p_ms_lt_sabre": 0.001220703125,
    "v19_det_vs_ms_pct": 9.64912280701755,
    "p_v19_det_lt_ms": 0.023681640625,
    "v19_sto_vs_ms_pct": 8.947368421052632,
    "p_v19_sto_lt_ms": 0.023681640625,
    "v19_det_vs_sabre_pct": 32.236842105263165,
    "p_v19_det_lt_sabre": 0.000244140625
  },
  "qaoa": {
    "topology": "linear5",
    "family": "qaoa",
    "lambda": 0.005,
    "n_qubits": 5,
    "n_circuits": 12,
    "sabre_k1_mean": 42.083333333333336,
    "ms_k1_mean": 35.583333333333336,
    "v19_det_mean": 45.916666666666664,
    "v19_sto_mean": 47.083333333333336,
    "ms_vs_sabre_pct": 15.445544554455445,
    "p_ms_lt_sabre": 0.009765625,
    "v19_det_vs_ms_pct": -29.039812646370006,
    "p_v19_det_lt_ms": 0.994140625,
    "v19_sto_vs_ms_pct": -32.31850117096018,
    "p_v19_sto_lt_ms": 0.9990234375,
    "v19_det_vs_sabre_pct": -9.108910891089097,
    "p_v19_det_lt_sabre": 0.8798828125
  }
}