{
  "random": {
    "lambda": 0.1,
    "sabre_basic_k1": 28.98,
    "sabre_basic_k20": 23.5,
    "sabre_lookahead_k1": 25.72,
    "sabre_lookahead_k20": 24.3,
    "ms_k1": 25.02,
    "ms_k20": 24.48,
    "v19_det": 25.26,
    "v19_stoch": 26.02,
    "v19_k20": 21.48,
    "p_v19_det_vs_sabre_basic_k1": 0.00017070866321266701,
    "p_v19_det_vs_sabre_look_k1": 0.2773783833431894,
    "p_v19_det_vs_ms_k1": 0.5,
    "p_v19_k20_vs_sabre_basic_k20": 0.00027664080899407803,
    "p_v19_k20_vs_ms_k20": 7.577356458611228e-07,
    "p_v19_k20_vs_sabre_look_k20": 1.1536821566230458e-05
  },
  "qft": {
    "lambda": 0.25,
    "sabre_basic_k1": 75.92,
    "sabre_basic_k20": 54.1,
    "sabre_lookahead_k1": 74.42,
    "sabre_lookahead_k20": 72.74,
    "ms_k1": 54.72,
    "ms_k20": 46.86,
    "v19_det": 74.0,
    "v19_stoch": 225.68,
    "v19_k20": 57.0,
    "p_v19_det_vs_sabre_basic_k1": 0.09337769359038328,
    "p_v19_det_vs_sabre_look_k1": 0.15865525393145707,
    "p_v19_det_vs_ms_k1": 1.0,
    "p_v19_k20_vs_sabre_basic_k20": 0.6343040478467945,
    "p_v19_k20_vs_ms_k20": 0.9999999999418808,
    "p_v19_k20_vs_sabre_look_k20": 5.042907608797056e-13
  },
  "parallel": {
    "lambda": 0.02,
    "sabre_basic_k1": 44.78,
    "sabre_basic_k20": 35.14,
    "sabre_lookahead_k1": 38.42,
    "sabre_lookahead_k20": 36.02,
    "ms_k1": 37.08,
    "ms_k20": 36.38,
    "v19_det": 35.2,
    "v19_stoch": 42.82,
    "v19_k20": 28.74,
    "p_v19_det_vs_sabre_basic_k1": 3.4066238197508334e-09,
    "p_v19_det_vs_sabre_look_k1": 0.0017193848810517335,
    "p_v19_det_vs_ms_k1": 0.03625912163743075,
    "p_v19_k20_vs_sabre_basic_k20": 4.661424153060738e-09,
    "p_v19_k20_vs_ms_k20": 5.600798558978935e-10,
    "p_v19_k20_vs_sabre_look_k20": 6.700333256743196e-10
  },
  "trotter": {
    "lambda": 0.25,
    "sabre_basic_k1": 16.0,
    "sabre_basic_k20": 16.0,
    "sabre_lookahead_k1": 16.0,
    "sabre_lookahead_k20": 16.0,
    "ms_k1": 16.0,
    "ms_k20": 16.0,
    "v19_det": 16.0,
    "v19_stoch": 16.0,
    "v19_k20": 16.0,
    "p_v19_det_vs_sabre_basic_k1": 1.0,
    "p_v19_det_vs_sabre_look_k1": 1.0,
    "p_v19_det_vs_ms_k1": 1.0,
    "p_v19_k20_vs_sabre_basic_k20": 1.0,
    "p_v19_k20_vs_ms_k20": 1.0,
    "p_v19_k20_vs_sabre_look_k20": 1.0
  }
}