{
  "random": {
    "lambda": 0.1,
    "sabre_basic_k1": 25.06,
    "sabre_basic_k20": 20.78,
    "sabre_lookahead_k1": 23.18,
    "sabre_lookahead_k20": 21.94,
    "sabre_decay_k1": 23.18,
    "sabre_decay_k20": 21.94,
    "ms_k1": 22.4,
    "ms_k20": 21.24,
    "v19_det": 21.82,
    "v19_stoch": 22.0,
    "v19_k20": 19.82,
    "v14_det": 23.48,
    "v14_k20": 21.32,
    "base_det": 26.2,
    "base_k20": 21.26,
    "p_v19_det_vs_sabre_basic_k1": 2.3823156470694632e-06,
    "p_v19_det_vs_sabre_look_k1": 0.007279803642198827,
    "p_v19_det_vs_ms_k1": 0.08746410933722032,
    "p_v19_k20_vs_sabre_basic_k20": 0.03284079651464464,
    "p_v19_k20_vs_ms_k20": 0.001343838233590057,
    "p_v19_det_vs_v14_det": 0.0044788529169437355,
    "p_v19_k20_vs_v14_k20": 0.0025422814892769163,
    "p_v19_det_vs_baseline_det": 2.9772941294224328e-08
  },
  "qft": {
    "lambda": 0.25,
    "sabre_basic_k1": 33.64,
    "sabre_basic_k20": 30.88,
    "sabre_lookahead_k1": 33.6,
    "sabre_lookahead_k20": 31.08,
    "sabre_decay_k1": 33.6,
    "sabre_decay_k20": 31.08,
    "ms_k1": 32.8,
    "ms_k20": 30.08,
    "v19_det": 31.6,
    "v19_stoch": 31.18,
    "v19_k20": 25.26,
    "v14_det": 36.82,
    "v14_k20": 27.74,
    "base_det": 36.0,
    "base_k20": 29.06,
    "p_v19_det_vs_sabre_basic_k1": 0.0006772724820068985,
    "p_v19_det_vs_sabre_look_k1": 0.0011038382992921273,
    "p_v19_det_vs_ms_k1": 0.05712002773543188,
    "p_v19_k20_vs_sabre_basic_k20": 1.7478813860744568e-16,
    "p_v19_k20_vs_ms_k20": 6.109547856562293e-14,
    "p_v19_det_vs_v14_det": 0.0007085888643718383,
    "p_v19_k20_vs_v14_k20": 1.9459618120974264e-05,
    "p_v19_det_vs_baseline_det": 2.8811469328605108e-08
  },
  "parallel": {
    "lambda": 0.02,
    "sabre_basic_k1": 17.76,
    "sabre_basic_k20": 16.54,
    "sabre_lookahead_k1": 17.22,
    "sabre_lookahead_k20": 16.66,
    "sabre_decay_k1": 17.22,
    "sabre_decay_k20": 16.66,
    "ms_k1": 17.12,
    "ms_k20": 16.58,
    "v19_det": 17.76,
    "v19_stoch": 17.88,
    "v19_k20": 15.74,
    "v14_det": 19.02,
    "v14_k20": 17.76,
    "base_det": 19.28,
    "base_k20": 17.04,
    "p_v19_det_vs_sabre_basic_k1": 0.4807387983893968,
    "p_v19_det_vs_sabre_look_k1": 0.8794052370146863,
    "p_v19_det_vs_ms_k1": 0.9247099727183965,
    "p_v19_k20_vs_sabre_basic_k20": 0.05096630133959399,
    "p_v19_k20_vs_ms_k20": 0.006935459013975454,
    "p_v19_det_vs_v14_det": 0.0032893895356108246,
    "p_v19_k20_vs_v14_k20": 2.1466811543919404e-05,
    "p_v19_det_vs_baseline_det": 0.0010619338041191213
  },
  "trotter": {
    "lambda": 0.25,
    "sabre_basic_k1": 16.0,
    "sabre_basic_k20": 16.0,
    "sabre_lookahead_k1": 16.0,
    "sabre_lookahead_k20": 16.0,
    "sabre_decay_k1": 16.0,
    "sabre_decay_k20": 16.0,
    "ms_k1": 16.0,
    "ms_k20": 16.0,
    "v19_det": 16.0,
    "v19_stoch": 16.0,
    "v19_k20": 16.0,
    "v14_det": 16.0,
    "v14_k20": 16.0,
    "base_det": 16.0,
    "base_k20": 16.0,
    "p_v19_det_vs_sabre_basic_k1": 1.0,
    "p_v19_det_vs_sabre_look_k1": 1.0,
    "p_v19_det_vs_ms_k1": 1.0,
    "p_v19_k20_vs_sabre_basic_k20": 1.0,
    "p_v19_k20_vs_ms_k20": 1.0,
    "p_v19_det_vs_v14_det": 1.0,
    "p_v19_k20_vs_v14_k20": 1.0,
    "p_v19_det_vs_baseline_det": 1.0
  }
}