{
  "random": {
    "lambda": 0.1,
    "sabre_basic_k1": 30.94,
    "sabre_basic_k20": 23.96,
    "sabre_lookahead_k1": 26.28,
    "sabre_lookahead_k20": 25.06,
    "sabre_decay_k1": 26.0,
    "sabre_decay_k20": 25.06,
    "ms_k1": 25.66,
    "ms_k20": 24.48,
    "v19_det": 25.76,
    "v19_stoch": 26.12,
    "v19_k20": 22.46,
    "v18_det": 26.32,
    "v18_stoch": 27.22,
    "v18_k20": 23.58,
    "v14_det": 27.3,
    "v14_stoch": 27.78,
    "v14_k20": 24.34,
    "base_det": 28.22,
    "base_k20": 23.54,
    "p_v19_det_vs_sabre_basic_k1": 1.4372500336304288e-07,
    "p_v19_det_vs_sabre_look_k1": 0.2263984545107573,
    "p_v19_det_vs_ms_k1": 0.33658576808873997,
    "p_v19_k20_vs_sabre_basic_k20": 0.008350868598508995,
    "p_v19_k20_vs_ms_k20": 0.0009846887486923558,
    "p_v19_det_vs_v14_det": 0.0031561674281759436,
    "p_v19_k20_vs_v14_k20": 0.0005744219863211095,
    "p_v19_det_vs_v18_det": 0.17961806960508225,
    "p_v19_det_vs_baseline_det": 0.00043093862248456944
  },
  "qft": {
    "lambda": 0.25,
    "sabre_basic_k1": 34.8,
    "sabre_basic_k20": 25.68,
    "sabre_lookahead_k1": 29.76,
    "sabre_lookahead_k20": 29.76,
    "sabre_decay_k1": 29.76,
    "sabre_decay_k20": 29.76,
    "ms_k1": 27.96,
    "ms_k20": 26.36,
    "v19_det": 31.56,
    "v19_stoch": 28.36,
    "v19_k20": 18.48,
    "v18_det": 43.04,
    "v18_stoch": 40.98,
    "v18_k20": 31.94,
    "v14_det": 19.66,
    "v14_stoch": 19.78,
    "v14_k20": 19.66,
    "base_det": 30.32,
    "base_k20": 21.14,
    "p_v19_det_vs_sabre_basic_k1": 0.010103111826858533,
    "p_v19_det_vs_sabre_look_k1": 0.9640696808870742,
    "p_v19_det_vs_ms_k1": 0.9999999711772376,
    "p_v19_k20_vs_sabre_basic_k20": 6.1427377731982055e-19,
    "p_v19_k20_vs_ms_k20": 2.0653229434829037e-18,
    "p_v19_det_vs_v14_det": 0.9999999999999923,
    "p_v19_k20_vs_v14_k20": 8.448963215281935e-08,
    "p_v19_det_vs_v18_det": 1.2957151132587296e-19,
    "p_v19_det_vs_baseline_det": 0.9999999999999923
  },
  "parallel": {
    "lambda": 0.02,
    "sabre_basic_k1": 28.18,
    "sabre_basic_k20": 21.4,
    "sabre_lookahead_k1": 23.28,
    "sabre_lookahead_k20": 22.04,
    "sabre_decay_k1": 22.94,
    "sabre_decay_k20": 22.06,
    "ms_k1": 22.38,
    "ms_k20": 21.92,
    "v19_det": 21.92,
    "v19_stoch": 22.58,
    "v19_k20": 19.66,
    "v18_det": 22.28,
    "v18_stoch": 22.1,
    "v18_k20": 20.08,
    "v14_det": 24.02,
    "v14_stoch": 23.96,
    "v14_k20": 21.12,
    "base_det": 24.52,
    "base_k20": 20.46,
    "p_v19_det_vs_sabre_basic_k1": 1.014141005057583e-08,
    "p_v19_det_vs_sabre_look_k1": 0.045033691085561184,
    "p_v19_det_vs_ms_k1": 0.27149637979019015,
    "p_v19_k20_vs_sabre_basic_k20": 0.002217321036380996,
    "p_v19_k20_vs_ms_k20": 0.00016381565410098127,
    "p_v19_det_vs_v14_det": 0.002311653155407378,
    "p_v19_k20_vs_v14_k20": 0.000877203117938226,
    "p_v19_det_vs_v18_det": 0.3093262269526782,
    "p_v19_det_vs_baseline_det": 2.6505137017889088e-05
  },
  "trotter": {
    "lambda": 0.25,
    "sabre_basic_k1": 16.0,
    "sabre_basic_k20": 16.0,
    "sabre_lookahead_k1": 16.0,
    "sabre_lookahead_k20": 16.0,
    "sabre_decay_k1": 16.0,
    "sabre_decay_k20": 16.0,
    "ms_k1": 16.0,
    "ms_k20": 16.0,
    "v19_det": 16.0,
    "v19_stoch": 16.0,
    "v19_k20": 16.0,
    "v18_det": 16.0,
    "v18_stoch": 16.0,
    "v18_k20": 16.0,
    "v14_det": 16.0,
    "v14_stoch": 16.0,
    "v14_k20": 16.0,
    "base_det": 16.0,
    "base_k20": 16.0,
    "p_v19_det_vs_sabre_basic_k1": 1.0,
    "p_v19_det_vs_sabre_look_k1": 1.0,
    "p_v19_det_vs_ms_k1": 1.0,
    "p_v19_k20_vs_sabre_basic_k20": 1.0,
    "p_v19_k20_vs_ms_k20": 1.0,
    "p_v19_det_vs_v14_det": 1.0,
    "p_v19_k20_vs_v14_k20": 1.0,
    "p_v19_det_vs_v18_det": 1.0,
    "p_v19_det_vs_baseline_det": 1.0
  }
}