{
  "random": {
    "lambda": 0.1,
    "sabre_basic_k1": 32.24,
    "sabre_basic_k20": 24.68,
    "sabre_lookahead_k1": 26.88,
    "sabre_lookahead_k20": 25.74,
    "sabre_decay_k1": 26.76,
    "sabre_decay_k20": 25.74,
    "ms_k1": 27.18,
    "ms_k20": 25.32,
    "v19_det": 31.68,
    "v19_stoch": 32.44,
    "v19_k20": 28.2,
    "v18_det": 32.6,
    "v18_stoch": 32.6,
    "v18_k20": 29.74,
    "v14_det": 38.9,
    "v14_stoch": 37.7,
    "v14_k20": 33.64,
    "base_det": 35.3,
    "base_k20": 32.06,
    "p_v19_det_vs_sabre_basic_k1": 0.31201938653943717,
    "p_v19_det_vs_sabre_look_k1": 0.9999997200930502,
    "p_v19_det_vs_ms_k1": 0.9999975877357259,
    "p_v19_k20_vs_sabre_basic_k20": 0.9999985720196245,
    "p_v19_k20_vs_ms_k20": 0.9999434724453699,
    "p_v19_det_vs_v14_det": 2.3132293446698987e-06,
    "p_v19_k20_vs_v14_k20": 1.5354896642758235e-09,
    "p_v19_det_vs_v18_det": 0.04107260042543178,
    "p_v19_det_vs_baseline_det": 0.001983206545275527
  },
  "qft": {
    "lambda": 0.25,
    "sabre_basic_k1": 36.92,
    "sabre_basic_k20": 28.28,
    "sabre_lookahead_k1": 30.62,
    "sabre_lookahead_k20": 29.66,
    "sabre_decay_k1": 30.62,
    "sabre_decay_k20": 29.66,
    "ms_k1": 31.58,
    "ms_k20": 30.48,
    "v19_det": 42.42,
    "v19_stoch": 39.68,
    "v19_k20": 30.5,
    "v18_det": 40.22,
    "v18_stoch": 42.1,
    "v18_k20": 36.42,
    "v14_det": 47.5,
    "v14_stoch": 48.14,
    "v14_k20": 45.0,
    "base_det": 44.84,
    "base_k20": 41.28,
    "p_v19_det_vs_sabre_basic_k1": 0.999999991308989,
    "p_v19_det_vs_sabre_look_k1": 1.0,
    "p_v19_det_vs_ms_k1": 1.0,
    "p_v19_k20_vs_sabre_basic_k20": 0.9999999850071749,
    "p_v19_k20_vs_ms_k20": 0.5184267051948667,
    "p_v19_det_vs_v14_det": 8.26681406689228e-19,
    "p_v19_k20_vs_v14_k20": 5.932706139166099e-19,
    "p_v19_det_vs_v18_det": 0.9999977386213773,
    "p_v19_det_vs_baseline_det": 0.0005716196234472467
  },
  "parallel": {
    "lambda": 0.02,
    "sabre_basic_k1": 30.36,
    "sabre_basic_k20": 24.36,
    "sabre_lookahead_k1": 26.08,
    "sabre_lookahead_k20": 25.26,
    "sabre_decay_k1": 25.86,
    "sabre_decay_k20": 25.26,
    "ms_k1": 26.06,
    "ms_k20": 24.74,
    "v19_det": 31.74,
    "v19_stoch": 33.14,
    "v19_k20": 27.6,
    "v18_det": 32.62,
    "v18_stoch": 33.26,
    "v18_k20": 28.96,
    "v14_det": 38.24,
    "v14_stoch": 37.56,
    "v14_k20": 33.78,
    "base_det": 37.54,
    "base_k20": 33.02,
    "p_v19_det_vs_sabre_basic_k1": 0.9451359555683886,
    "p_v19_det_vs_sabre_look_k1": 0.9999999943626664,
    "p_v19_det_vs_ms_k1": 0.9999999961159692,
    "p_v19_k20_vs_sabre_basic_k20": 0.9999896032399874,
    "p_v19_k20_vs_ms_k20": 0.9999509648099029,
    "p_v19_det_vs_v14_det": 2.6614074116150445e-06,
    "p_v19_k20_vs_v14_k20": 3.1174850069856236e-09,
    "p_v19_det_vs_v18_det": 0.10700387839998388,
    "p_v19_det_vs_baseline_det": 3.286878574418485e-07
  },
  "trotter": {
    "lambda": 0.25,
    "sabre_basic_k1": 55.6,
    "sabre_basic_k20": 48.0,
    "sabre_lookahead_k1": 48.0,
    "sabre_lookahead_k20": 48.0,
    "sabre_decay_k1": 48.0,
    "sabre_decay_k20": 48.0,
    "ms_k1": 48.0,
    "ms_k20": 48.0,
    "v19_det": 55.02,
    "v19_stoch": 56.1,
    "v19_k20": 51.52,
    "v18_det": 59.08,
    "v18_stoch": 58.16,
    "v18_k20": 55.26,
    "v14_det": 59.54,
    "v14_stoch": 60.0,
    "v14_k20": 55.86,
    "base_det": 59.68,
    "base_k20": 55.14,
    "p_v19_det_vs_sabre_basic_k1": 0.5768318884767749,
    "p_v19_det_vs_sabre_look_k1": 1.0,
    "p_v19_det_vs_ms_k1": 1.0,
    "p_v19_k20_vs_sabre_basic_k20": 0.9999999970870789,
    "p_v19_k20_vs_ms_k20": 0.9999999970870789,
    "p_v19_det_vs_v14_det": 1.410844624992305e-10,
    "p_v19_k20_vs_v14_k20": 6.856791286351589e-07,
    "p_v19_det_vs_v18_det": 1.2072116309689084e-11,
    "p_v19_det_vs_baseline_det": 1.4024494170897908e-09
  }
}