{
  "random": {
    "lambda": 0.1,
    "sabre_basic_k1": 28.98,
    "sabre_basic_k20": 23.5,
    "sabre_lookahead_k1": 25.72,
    "sabre_lookahead_k20": 24.3,
    "ms_k1": 25.02,
    "ms_k20": 24.48,
    "v19_det": 25.74,
    "v19_stoch": 25.56,
    "v19_k20": 21.92,
    "p_v19_det_vs_sabre_basic_k1": 0.0007196397459543317,
    "p_v19_det_vs_sabre_look_k1": 0.6164319576508994,
    "p_v19_det_vs_ms_k1": 0.8648135054810191,
    "p_v19_k20_vs_sabre_basic_k20": 0.004870380614859906,
    "p_v19_k20_vs_ms_k20": 3.593800015422831e-05,
    "p_v19_k20_vs_sabre_look_k20": 0.0001150909324281823
  },
  "qft": {
    "lambda": 0.25,
    "sabre_basic_k1": 75.92,
    "sabre_basic_k20": 54.1,
    "sabre_lookahead_k1": 74.42,
    "sabre_lookahead_k20": 72.74,
    "ms_k1": 54.72,
    "ms_k20": 46.86,
    "v19_det": 73.56,
    "v19_stoch": 121.32,
    "v19_k20": 53.92,
    "p_v19_det_vs_sabre_basic_k1": 0.0516816538051311,
    "p_v19_det_vs_sabre_look_k1": 0.051235217429874684,
    "p_v19_det_vs_ms_k1": 1.0,
    "p_v19_k20_vs_sabre_basic_k20": 0.06457276948533751,
    "p_v19_k20_vs_ms_k20": 0.9999999999992165,
    "p_v19_k20_vs_sabre_look_k20": 2.931634649332986e-14
  },
  "parallel": {
    "lambda": 0.02,
    "sabre_basic_k1": 44.78,
    "sabre_basic_k20": 35.14,
    "sabre_lookahead_k1": 38.42,
    "sabre_lookahead_k20": 36.02,
    "ms_k1": 37.08,
    "ms_k20": 36.38,
    "v19_det": 35.3,
    "v19_stoch": 36.86,
    "v19_k20": 28.44,
    "p_v19_det_vs_sabre_basic_k1": 5.892677171133191e-08,
    "p_v19_det_vs_sabre_look_k1": 0.004234906554254191,
    "p_v19_det_vs_ms_k1": 0.05415547402926327,
    "p_v19_k20_vs_sabre_basic_k20": 9.06564925046464e-10,
    "p_v19_k20_vs_ms_k20": 1.1507106774418972e-10,
    "p_v19_k20_vs_sabre_look_k20": 1.1284102906377793e-10
  },
  "trotter": {
    "lambda": 0.25,
    "sabre_basic_k1": 16.0,
    "sabre_basic_k20": 16.0,
    "sabre_lookahead_k1": 16.0,
    "sabre_lookahead_k20": 16.0,
    "ms_k1": 16.0,
    "ms_k20": 16.0,
    "v19_det": 16.0,
    "v19_stoch": 16.0,
    "v19_k20": 16.0,
    "p_v19_det_vs_sabre_basic_k1": 1.0,
    "p_v19_det_vs_sabre_look_k1": 1.0,
    "p_v19_det_vs_ms_k1": 1.0,
    "p_v19_k20_vs_sabre_basic_k20": 1.0,
    "p_v19_k20_vs_ms_k20": 1.0,
    "p_v19_k20_vs_sabre_look_k20": 1.0
  }
}