{
  "random": {
    "lambda": 0.1,
    "sabre_basic_k1": 30.94,
    "sabre_basic_k20": 23.96,
    "sabre_lookahead_k1": 26.28,
    "sabre_lookahead_k20": 25.06,
    "ms_k1": 25.66,
    "ms_k20": 24.48,
    "v20_det": 27.14,
    "v20_stoch": 27.2,
    "v20_k20": 22.78,
    "v19_det": 25.76,
    "v19_stoch": 26.52,
    "v19_k20": 22.36,
    "v14_det": 27.4,
    "v14_stoch": 28.42,
    "v14_k20": 24.3,
    "p_v20_det_vs_v14_det": 0.15399451897450883,
    "p_v20_stoch_vs_v14_stoch": 0.05416692640093136,
    "p_v20_k20_vs_v14_k20": 0.0012633411694436129,
    "p_v20_det_vs_v19_det": 0.9714270882068021,
    "p_v20_k20_vs_v19_k20": 0.646700478987238,
    "p_v20_det_vs_ms_k1": 0.9124619879539163,
    "p_v20_stoch_vs_ms_k1": 0.9202769866554092,
    "p_v20_k20_vs_ms_k20": 0.0014633080843201242
  },
  "qft": {
    "lambda": 0.25,
    "sabre_basic_k1": 34.8,
    "sabre_basic_k20": 25.68,
    "sabre_lookahead_k1": 29.76,
    "sabre_lookahead_k20": 29.76,
    "ms_k1": 27.96,
    "ms_k20": 26.36,
    "v20_det": 19.82,
    "v20_stoch": 22.56,
    "v20_k20": 19.72,
    "v19_det": 31.56,
    "v19_stoch": 27.36,
    "v19_k20": 18.42,
    "v14_det": 19.66,
    "v14_stoch": 19.78,
    "v14_k20": 19.66,
    "p_v20_det_vs_v14_det": 0.8413447460685429,
    "p_v20_stoch_vs_v14_stoch": 0.9999981794034569,
    "p_v20_k20_vs_v14_k20": 0.8413447460685429,
    "p_v20_det_vs_v19_det": 8.150601197950865e-15,
    "p_v20_k20_vs_v19_k20": 0.9999999958041267,
    "p_v20_det_vs_ms_k1": 1.8733805658048493e-17,
    "p_v20_stoch_vs_ms_k1": 5.2803121656281e-12,
    "p_v20_k20_vs_ms_k20": 4.831800874330193e-19
  },
  "parallel": {
    "lambda": 0.02,
    "sabre_basic_k1": 28.18,
    "sabre_basic_k20": 21.4,
    "sabre_lookahead_k1": 23.28,
    "sabre_lookahead_k20": 22.04,
    "ms_k1": 22.38,
    "ms_k20": 21.92,
    "v20_det": 22.74,
    "v20_stoch": 23.26,
    "v20_k20": 20.24,
    "v19_det": 21.92,
    "v19_stoch": 22.56,
    "v19_k20": 19.94,
    "v14_det": 23.8,
    "v14_stoch": 24.8,
    "v14_k20": 20.84,
    "p_v20_det_vs_v14_det": 0.028236054322659992,
    "p_v20_stoch_vs_v14_stoch": 0.02000652640481156,
    "p_v20_k20_vs_v14_k20": 0.07675783558360039,
    "p_v20_det_vs_v19_det": 0.7591535476544098,
    "p_v20_k20_vs_v19_k20": 0.8279276545271672,
    "p_v20_det_vs_ms_k1": 0.49197094970487654,
    "p_v20_stoch_vs_ms_k1": 0.821325830050776,
    "p_v20_k20_vs_ms_k20": 0.010035503326335833
  },
  "trotter": {
    "lambda": 0.25,
    "sabre_basic_k1": 16.0,
    "sabre_basic_k20": 16.0,
    "sabre_lookahead_k1": 16.0,
    "sabre_lookahead_k20": 16.0,
    "ms_k1": 16.0,
    "ms_k20": 16.0,
    "v20_det": 16.0,
    "v20_stoch": 16.0,
    "v20_k20": 16.0,
    "v19_det": 16.0,
    "v19_stoch": 16.0,
    "v19_k20": 16.0,
    "v14_det": 16.0,
    "v14_stoch": 16.0,
    "v14_k20": 16.0,
    "p_v20_det_vs_v14_det": 1.0,
    "p_v20_stoch_vs_v14_stoch": 1.0,
    "p_v20_k20_vs_v14_k20": 1.0,
    "p_v20_det_vs_v19_det": 1.0,
    "p_v20_k20_vs_v19_k20": 1.0,
    "p_v20_det_vs_ms_k1": 1.0,
    "p_v20_stoch_vs_ms_k1": 1.0,
    "p_v20_k20_vs_ms_k20": 1.0
  }
}