{
  "random": {
    "lambda": 0.1,
    "sabre_basic_k1": 30.94,
    "sabre_basic_k20": 23.96,
    "sabre_lookahead_k1": 26.28,
    "sabre_lookahead_k20": 25.06,
    "ms_k1": 25.66,
    "ms_k20": 24.48,
    "fair_det": 28.42,
    "fair_stoch": 29.54,
    "fair_k20": 24.26,
    "v20_det": 27.14,
    "v20_stoch": 28.24,
    "v20_k20": 23.26,
    "v14_det": 28.14,
    "v14_stoch": 28.3,
    "v14_k20": 24.38,
    "p_v20_det_vs_fair_det": 0.02581817542017186,
    "p_v20_stoch_vs_fair_stoch": 0.046567203857806196,
    "p_v20_k20_vs_fair_k20": 0.016272187908132875
  },
  "qft": {
    "lambda": 0.25,
    "sabre_basic_k1": 34.8,
    "sabre_basic_k20": 25.68,
    "sabre_lookahead_k1": 29.76,
    "sabre_lookahead_k20": 29.76,
    "ms_k1": 27.96,
    "ms_k20": 26.36,
    "fair_det": 29.14,
    "fair_stoch": 30.02,
    "fair_k20": 19.64,
    "v20_det": 19.82,
    "v20_stoch": 21.56,
    "v20_k20": 19.66,
    "v14_det": 19.66,
    "v14_stoch": 19.78,
    "v14_k20": 19.62,
    "p_v20_det_vs_fair_det": 8.150601197950865e-15,
    "p_v20_stoch_vs_fair_stoch": 6.452702231332285e-11,
    "p_v20_k20_vs_fair_k20": 0.738482368859718
  },
  "parallel": {
    "lambda": 0.02,
    "sabre_basic_k1": 28.18,
    "sabre_basic_k20": 21.4,
    "sabre_lookahead_k1": 23.28,
    "sabre_lookahead_k20": 22.04,
    "ms_k1": 22.38,
    "ms_k20": 21.92,
    "fair_det": 23.26,
    "fair_stoch": 23.86,
    "fair_k20": 20.72,
    "v20_det": 22.74,
    "v20_stoch": 23.04,
    "v20_k20": 20.36,
    "v14_det": 24.88,
    "v14_stoch": 25.5,
    "v14_k20": 21.28,
    "p_v20_det_vs_fair_det": 0.09588209740461984,
    "p_v20_stoch_vs_fair_stoch": 0.17084125777766412,
    "p_v20_k20_vs_fair_k20": 0.20094709563817065
  },
  "trotter": {
    "lambda": 0.25,
    "sabre_basic_k1": 16.0,
    "sabre_basic_k20": 16.0,
    "sabre_lookahead_k1": 16.0,
    "sabre_lookahead_k20": 16.0,
    "ms_k1": 16.0,
    "ms_k20": 16.0,
    "fair_det": 16.0,
    "fair_stoch": 16.0,
    "fair_k20": 16.0,
    "v20_det": 16.0,
    "v20_stoch": 16.0,
    "v20_k20": 16.0,
    "v14_det": 16.0,
    "v14_stoch": 16.0,
    "v14_k20": 16.0,
    "p_v20_det_vs_fair_det": 1.0,
    "p_v20_stoch_vs_fair_stoch": 1.0,
    "p_v20_k20_vs_fair_k20": 1.0
  }
}