{
  "random": {
    "lambda": 0.1,
    "sabre_basic_k1": 30.94,
    "sabre_basic_k20": 23.96,
    "sabre_lookahead_k1": 26.28,
    "sabre_lookahead_k20": 25.06,
    "ms_k1": 25.66,
    "ms_k20": 24.48,
    "v21_det": 27.74,
    "v21_stoch": 28.74,
    "v21_k20": 22.86,
    "v20_det": 27.14,
    "v20_stoch": 27.72,
    "v20_k20": 22.96,
    "v19_det": 25.76,
    "v19_stoch": 25.46,
    "v19_k20": 22.46,
    "v14_det": 27.4,
    "v14_stoch": 27.7,
    "v14_k20": 24.2,
    "p_v21_det_vs_v20_det": 0.8172692397926073,
    "p_v21_stoch_vs_v20_stoch": 0.8094296879237962,
    "p_v21_k20_vs_v20_k20": 0.4075583986221609,
    "p_v21_det_vs_v19_det": 0.9993222960987901,
    "p_v21_k20_vs_v19_k20": 0.8162987653147196,
    "p_v21_det_vs_v14_det": 0.5112469452658519,
    "p_v21_det_vs_ms_k1": 0.995548558568251,
    "p_v21_k20_vs_ms_k20": 0.002511032921431167
  },
  "qft": {
    "lambda": 0.25,
    "sabre_basic_k1": 34.8,
    "sabre_basic_k20": 25.68,
    "sabre_lookahead_k1": 29.76,
    "sabre_lookahead_k20": 29.76,
    "ms_k1": 27.96,
    "ms_k20": 26.36,
    "v21_det": 26.5,
    "v21_stoch": 33.92,
    "v21_k20": 19.7,
    "v20_det": 19.82,
    "v20_stoch": 22.6,
    "v20_k20": 19.6,
    "v19_det": 31.56,
    "v19_stoch": 27.7,
    "v19_k20": 18.36,
    "v14_det": 19.66,
    "v14_stoch": 19.98,
    "v14_k20": 19.66,
    "p_v21_det_vs_v20_det": 1.0,
    "p_v21_stoch_vs_v20_stoch": 0.9999999999999966,
    "p_v21_k20_vs_v20_k20": 0.6628030086704243,
    "p_v21_det_vs_v19_det": 1.5990780196234627e-09,
    "p_v21_k20_vs_v19_k20": 0.9999995044020121,
    "p_v21_det_vs_v14_det": 1.0,
    "p_v21_det_vs_ms_k1": 5.0596957075444555e-09,
    "p_v21_k20_vs_ms_k20": 1.7108256322479386e-17
  },
  "parallel": {
    "lambda": 0.02,
    "sabre_basic_k1": 28.18,
    "sabre_basic_k20": 21.4,
    "sabre_lookahead_k1": 23.28,
    "sabre_lookahead_k20": 22.04,
    "ms_k1": 22.38,
    "ms_k20": 21.92,
    "v21_det": 23.64,
    "v21_stoch": 26.02,
    "v21_k20": 19.54,
    "v20_det": 22.74,
    "v20_stoch": 22.72,
    "v20_k20": 19.84,
    "v19_det": 21.92,
    "v19_stoch": 22.2,
    "v19_k20": 19.64,
    "v14_det": 24.62,
    "v14_stoch": 25.16,
    "v14_k20": 21.18,
    "p_v21_det_vs_v20_det": 0.8712415967294846,
    "p_v21_stoch_vs_v20_stoch": 0.9984479491392033,
    "p_v21_k20_vs_v20_k20": 0.20464554507861743,
    "p_v21_det_vs_v19_det": 0.9767899776735054,
    "p_v21_k20_vs_v19_k20": 0.43789212382185033,
    "p_v21_det_vs_v14_det": 0.15397027939499525,
    "p_v21_det_vs_ms_k1": 0.7459967426352647,
    "p_v21_k20_vs_ms_k20": 0.0001992802651941588
  },
  "trotter": {
    "lambda": 0.25,
    "sabre_basic_k1": 16.0,
    "sabre_basic_k20": 16.0,
    "sabre_lookahead_k1": 16.0,
    "sabre_lookahead_k20": 16.0,
    "ms_k1": 16.0,
    "ms_k20": 16.0,
    "v21_det": 16.0,
    "v21_stoch": 16.0,
    "v21_k20": 16.0,
    "v20_det": 16.0,
    "v20_stoch": 16.0,
    "v20_k20": 16.0,
    "v19_det": 16.0,
    "v19_stoch": 16.0,
    "v19_k20": 16.0,
    "v14_det": 16.0,
    "v14_stoch": 16.0,
    "v14_k20": 16.0,
    "p_v21_det_vs_v20_det": 1.0,
    "p_v21_stoch_vs_v20_stoch": 1.0,
    "p_v21_k20_vs_v20_k20": 1.0,
    "p_v21_det_vs_v19_det": 1.0,
    "p_v21_k20_vs_v19_k20": 1.0,
    "p_v21_det_vs_v14_det": 1.0,
    "p_v21_det_vs_ms_k1": 1.0,
    "p_v21_k20_vs_ms_k20": 1.0
  }
}