{
  "random": {
    "v19_det": 31.3,
    "v22_det": 33.22,
    "v19_k20": 25.62,
    "v22_k20": 26.98,
    "delta_det_pct_v22_vs_v19": -6.134185303514371,
    "delta_k20_pct_v22_vs_v19": -5.308352849336454,
    "p_det_2sided": 0.032473559285896667,
    "p_k20_2sided": 0.013807011619882634
  },
  "qft": {
    "v19_det": 35.92,
    "v22_det": 37.7,
    "v19_k20": 28.98,
    "v22_k20": 30.9,
    "delta_det_pct_v22_vs_v19": -4.955456570155905,
    "delta_k20_pct_v22_vs_v19": -6.625258799171837,
    "p_det_2sided": 0.06168053627830979,
    "p_k20_2sided": 0.003971836259934888
  },
  "parallel": {
    "v19_det": 29.42,
    "v22_det": 30.86,
    "v19_k20": 23.88,
    "v22_k20": 24.8,
    "delta_det_pct_v22_vs_v19": -4.894629503738945,
    "delta_k20_pct_v22_vs_v19": -3.85259631490788,
    "p_det_2sided": 0.14358246004355282,
    "p_k20_2sided": 0.1026283565312658
  },
  "trotter": {
    "v19_det": 39.6,
    "v22_det": 40.68,
    "v19_k20": 31.12,
    "v22_k20": 32.84,
    "delta_det_pct_v22_vs_v19": -2.727272727272723,
    "delta_k20_pct_v22_vs_v19": -5.526992287917745,
    "p_det_2sided": 0.17991887534447581,
    "p_k20_2sided": 0.03967352467420081
  }
}